Class,V13,V14,V27,V28,V29,V3,V32
1,0,80,0.5822,1,0,270900,0
1,0,80,0.2984,1,0,2538079,0
1,0,100,0.215,1,0,1553913,0
1,1,290,0.5212,1,0,369370,0
1,1,185,1.0,1,0,498078,0
1,1,40,0.9874,1,0,100250,0
1,1,150,1.0,1,0,138468,0
1,1,150,0.3359,1,0,210936,0
1,1,150,0.5593,1,0,429227,0
1,1,150,1.0,1,0,779144,0
1,1,150,0.8612,1,0,813452,0
1,1,150,0.9048,1,0,106604,0
1,1,150,0.9093,1,0,179258,0
1,1,150,0.8299,1,0,230644,0
1,1,150,0.9888,1,0,368143,0
1,1,150,1.0,1,0,491552,0
1,1,150,1.0,1,0,713788,0
1,1,150,0.9918,1,0,751059,0
1,1,150,0.2998,1,0,844704,0
1,1,200,0.5362,1,0,21349,0
1,1,200,0.6173,1,0,42683,0
1,1,200,0.4317,1,0,86284,0
1,1,200,0.2942,1,0,115485,0
1,1,200,0.6422,1,0,149044,0
1,1,200,0.4913,1,0,184350,0
1,1,40,0.3464,1,0,2128884,0
1,1,40,0.8355,1,0,2356396,0
1,1,40,0.215,1,0,5202306,0
1,1,40,1.0,1,0,4332564,0
1,1,40,0.7822,1,0,4822354,0
1,1,40,0.3834,1,0,1874382,0
1,1,40,0.9691,1,0,2378173,0
1,1,40,0.2901,1,0,2891780,0
1,1,50,0.463,1,0,2691161,0
1,1,50,0.9994,1,0,3874199,0
1,1,50,0.8061,1,0,3957796,0
1,1,70,0.7512,1,0,304433,0
1,1,70,0.9381,1,0,505964,0
1,1,40,0.7659,1,0,1701480,0
1,1,250,0.4564,1,0,183688,0
1,1,200,0.8299,1,0,284144,0
1,1,70,0.7037,1,0,1918092,0
1,1,40,0.5162,1,0,19815,0
1,1,40,0.7889,1,0,3884411,0
1,0,60,0.2901,1,0,1009978,0
1,0,60,0.7161,1,0,1702442,0
1,0,60,0.1965,1,0,3509718,0
1,0,60,0.2083,1,0,3550754,0
1,0,60,0.2583,1,0,43036,0
1,0,60,0.1822,1,0,1686880,0
1,0,60,0.1965,1,0,2379116,0
1,0,60,0.944,1,0,2512899,0
1,0,60,0.4025,1,0,2845229,0
1,0,69,0.3977,1,0,3826564,0
1,0,69,0.5063,1,0,4157586,0
1,0,69,0.4025,1,0,5437033,0
1,0,69,0.1832,1,0,5683008,0
1,0,100,0.5951,1,0,1005865,0
1,0,100,0.2018,1,0,1094617,0
1,0,100,0.1954,1,0,718602,0
1,0,100,0.1753,1,0,807870,0
1,0,120,0.1822,1,0,238656,0
1,0,120,0.2051,1,0,2071945,0
1,0,100,0.1892,1,0,893849,0
1,0,100,0.2051,1,0,969900,0
1,0,100,0.8299,1,0,1031539,0
1,0,100,0.2792,1,0,1060712,0
1,0,100,0.1832,1,0,914648,0
1,0,100,0.2195,1,0,1194800,0
1,0,100,0.1773,1,0,1944129,0
1,0,100,0.257,1,0,2095494,0
1,0,100,0.417,1,0,2493647,0
1,0,100,0.2792,1,0,11430396,0
1,0,211,0.215,1,0,237702,0
1,0,211,0.2018,1,0,309514,0
1,0,143,0.1499,1,0,200561,0
1,0,143,0.4613,1,0,519677,0
1,0,80,0.3464,1,0,1334420,0
1,1,40,1.0,1,0,2377039,0
1,1,40,1.0,1,0,513812,0
1,1,40,1.0,1,0,66196,0
1,1,40,0.2482,1,0,161967,0
1,1,60,0.1622,1,0,126951,0
1,1,60,1.0,1,0,417618,0
1,1,200,0.3241,1,0,33796,0
1,1,220,0.2583,1,0,638468,0
1,1,220,0.2532,1,0,837868,0
1,1,40,0.633,1,0,3496093,0
1,1,40,0.6514,1,0,3980733,0
1,1,40,0.8682,1,0,4178002,0
1,1,40,0.9236,1,0,4383724,0
1,1,40,0.997,1,0,132507,0
1,1,40,0.9779,1,0,273320,0
1,1,100,0.4729,1,0,31580,0
1,1,100,0.1687,1,0,106512,0
1,1,40,0.6221,1,0,2425687,0
1,1,70,0.3479,1,0,367429,0
1,1,70,0.4979,1,0,1044544,0
1,1,70,0.2686,1,0,1246698,0
1,1,70,0.2384,1,0,2670756,0
1,1,70,0.1892,1,0,2928247,0
1,1,70,0.3509,1,0,3375744,0
1,1,120,0.6453,1,0,1280228,0
1,1,175,0.998,1,0,333332,0
1,1,125,0.9491,1,0,562576,0
1,1,125,0.266,1,0,719009,0
1,1,125,1.0,1,0,1837263,0
1,1,125,0.6015,1,0,2094748,0
1,1,125,0.4763,1,0,2124816,0
1,1,40,0.2699,1,0,1959035,0
1,1,50,0.5822,1,0,552783,0
1,1,50,0.7347,1,0,702370,0
1,1,90,0.417,1,0,150712,0
1,1,90,0.4763,1,0,188768,0
1,1,90,0.7933,1,0,247330,0
1,1,90,0.7776,1,0,297096,0
1,1,90,0.3509,1,0,348227,0
1,1,90,0.8299,1,0,435871,0
1,1,90,0.3068,1,0,487568,0
1,1,90,0.9985,1,0,564536,0
1,1,90,0.9992,1,0,689792,0
1,1,90,0.8705,1,0,815462,0
1,1,90,0.5999,1,0,939827,0
1,1,90,0.5951,1,0,1108752,0
1,1,90,0.3601,1,0,1137189,0
1,1,90,0.9708,1,0,1208774,0
1,1,90,0.9993,1,0,1594430,0
1,1,90,0.633,1,0,1678200,0
1,1,90,0.9997,1,0,1724027,0
1,1,90,0.4613,1,0,1743219,0
1,1,90,0.6514,1,0,1751260,0
1,1,90,0.9998,1,0,1771553,0
1,1,90,0.9349,1,0,1809470,0
1,1,90,0.7659,1,0,1823955,0
1,0,70,0.3125,1,0,1120157,0
1,0,70,1.0,1,0,1511165,0
1,1,40,0.1954,1,0,458923,0
1,1,40,0.3882,1,0,3528981,0
1,1,60,0.4187,1,0,1063504,0
1,1,60,0.2288,1,0,1421726,0
1,0,80,1.0,1,0,2550845,0
1,0,100,0.4138,1,0,4270168,0
1,1,40,0.5642,1,0,212157,0
1,1,40,0.2583,1,0,2277670,0
1,1,40,0.2532,1,0,5427410,0
1,1,40,1.0,1,0,11741476,0
1,1,40,0.9294,1,0,12577343,0
1,1,40,0.6995,1,0,12725281,0
1,1,40,0.9212,1,0,12917033,0
1,1,40,0.6142,1,0,12987661,0
1,0,70,0.3725,1,0,471253,0
1,0,70,0.3212,1,0,786881,0
1,0,70,0.3882,1,0,808173,0
1,0,70,0.5626,1,0,1377748,0
1,0,70,0.7833,1,0,1461247,0
1,0,70,0.3241,1,0,1488612,0
1,0,70,0.3329,1,0,1620686,0
1,0,70,0.3197,1,0,1651888,0
1,0,100,0.4399,0,1,2258648,0
1,0,70,0.1773,0,1,21512,0
1,0,70,0.6574,0,1,50442,0
1,0,70,0.9216,0,1,66522,0
1,0,70,0.2432,0,1,82308,0
1,0,70,0.2901,0,1,102099,0
1,0,70,1.0,0,1,118073,0
1,0,70,1.0,0,1,133683,0
1,0,70,0.9998,0,1,149046,0
1,0,70,0.94,0,1,162885,0
1,0,70,0.9747,0,1,177337,0
1,0,70,0.6868,0,1,190885,0
1,0,70,0.3663,0,1,204933,0
1,0,70,0.7933,0,1,221100,0
1,0,70,0.2105,0,1,240377,0
1,0,70,0.215,0,1,254652,0
1,0,70,0.2359,0,1,274230,0
1,0,70,0.9082,0,1,287835,0
1,0,70,0.2583,0,1,303149,0
1,0,70,0.2532,0,1,319303,0
1,0,70,0.3977,0,1,334304,0
1,0,70,0.5029,0,1,350481,0
1,0,70,0.2583,0,1,362724,0
1,0,70,0.2051,0,1,374580,0
1,0,70,0.2901,0,1,387402,0
1,0,70,1.0,0,1,411630,0
1,0,70,1.0,0,1,425023,0
1,0,70,0.9474,0,1,439180,0
1,0,70,0.2018,0,1,451067,0
1,0,70,0.2739,0,1,463836,0
1,0,70,0.1892,0,1,477075,0
1,0,70,0.9639,0,1,494893,0
1,0,70,0.3494,0,1,506783,0
1,0,70,0.23,0,1,518261,0
1,0,70,0.2083,0,1,530968,0
1,0,70,0.5162,0,1,548929,0
1,0,70,0.3977,0,1,560425,0
1,0,70,0.9997,0,1,573049,0
1,0,70,0.4465,0,1,585861,0
1,0,70,0.9818,0,1,604478,0
1,0,70,0.3977,0,1,618132,0
1,0,70,0.2051,0,1,634279,0
1,0,70,0.2532,0,1,646729,0
1,0,70,0.9999,0,1,677297,0
1,0,70,1.0,0,1,697885,0
1,0,70,1.0,0,1,718425,0
1,0,70,0.9996,0,1,751592,0
1,0,70,1.0,0,1,763872,0
1,0,70,1.0,0,1,776120,0
1,0,70,1.0,0,1,791161,0
1,0,70,0.9917,0,1,802771,0
1,0,70,1.0,0,1,814236,0
1,0,70,1.0,0,1,830707,0
1,0,70,1.0,0,1,851460,0
1,0,70,0.9963,0,1,874488,0
1,0,70,1.0,0,1,896899,0
1,0,70,1.0,0,1,908862,0
1,0,70,0.9984,0,1,923170,0
1,0,70,0.9999,0,1,936743,0
1,0,70,1.0,0,1,949306,0
1,0,70,0.9974,0,1,961682,0
1,0,70,0.9814,0,1,973635,0
1,0,70,0.9999,0,1,983776,0
1,0,70,0.2288,0,1,1009876,0
1,0,70,1.0,0,1,1025376,0
1,0,70,0.8756,0,1,1036126,0
1,0,70,0.3945,0,1,1048818,0
1,0,70,0.4729,0,1,1060291,0
1,0,70,0.2532,0,1,1072228,0
1,0,70,1.0,0,1,1082731,0
1,0,70,0.4713,0,1,1093477,0
1,0,70,0.7933,0,1,1105359,0
1,0,70,0.2532,0,1,1116878,0
1,0,70,0.1965,0,1,1127920,0
1,0,70,0.2061,0,1,1137747,0
1,0,70,0.7598,0,1,1148345,0
1,0,70,0.1965,0,1,1159125,0
1,0,70,0.385,0,1,1172603,0
1,0,70,0.1892,0,1,1184511,0
1,0,70,0.204,0,1,1196901,0
1,0,70,0.9997,0,1,1211728,0
1,0,70,0.9685,0,1,1226170,0
1,0,70,0.2051,0,1,1266537,0
1,0,70,0.4399,0,1,1285730,0
1,0,70,0.3479,0,1,1301932,0
1,0,70,0.2018,0,1,1312116,0
1,0,70,0.6453,0,1,1323717,0
1,0,70,0.2384,0,1,1335585,0
1,0,70,0.9747,0,1,1346996,0
1,0,70,0.8299,0,1,1359784,0
1,0,70,0.23,0,1,1373431,0
1,0,70,0.2712,0,1,1385900,0
1,0,70,0.2173,0,1,1398904,0
1,0,70,0.2712,0,1,1411801,0
1,0,70,0.9998,0,1,1427809,0
1,0,70,0.8123,0,1,1457758,0
1,0,70,0.2432,0,1,1471277,0
1,0,70,0.4729,0,1,1483879,0
1,0,70,0.5903,0,1,1495862,0
1,0,70,0.5096,0,1,1508012,0
1,0,70,0.4465,0,1,1536604,0
1,0,70,0.9998,0,1,1549800,0
1,0,70,0.6868,0,1,1564536,0
1,0,70,1.0,0,1,1578055,0
1,0,70,0.2901,0,1,1589431,0
1,0,70,0.6268,0,1,1602180,0
1,0,70,0.7161,0,1,1622697,0
1,0,70,0.9884,0,1,1647143,0
1,0,70,0.6648,0,1,1658742,0
1,0,70,0.2901,0,1,1671098,0
1,0,70,0.2583,0,1,1686794,0
1,0,70,1.0,0,1,1699784,0
1,0,70,0.2288,0,1,1713172,0
1,0,70,0.2408,0,1,1723382,0
1,0,70,0.4729,0,1,1736811,0
1,0,70,0.9979,0,1,1747625,0
1,0,70,0.2712,0,1,1761692,0
1,0,70,0.6453,0,1,1772722,0
1,0,70,0.9848,0,1,1785901,0
1,0,70,0.43,0,1,1798152,0
1,0,70,0.2432,0,1,1810277,0
1,0,70,0.2408,0,1,1821904,0
1,0,70,0.286,0,1,1835338,0
1,0,70,0.1954,0,1,1846280,0
1,0,70,0.2928,0,1,1859616,0
1,0,70,0.2061,0,1,1889430,0
1,0,70,0.2116,0,1,1901970,0
1,0,70,0.2173,0,1,1913635,0
1,0,70,0.4089,0,1,1924923,0
1,0,70,0.3068,0,1,1939590,0
1,0,70,0.929,0,1,1951256,0
1,0,70,0.8563,0,1,1964561,0
1,0,70,0.5903,0,1,1978821,0
1,0,70,0.2173,0,1,1990021,0
1,0,70,0.3601,0,1,2001776,0
1,0,70,0.2051,0,1,2012938,0
1,0,70,0.6079,0,1,2023127,0
1,0,70,0.2928,0,1,2032900,0
1,0,70,0.6236,0,1,2044448,0
1,0,70,0.2195,0,1,2058002,0
1,0,70,0.5362,0,1,2070769,0
1,0,70,0.2051,0,1,2082327,0
1,0,70,0.2253,0,1,2097257,0
1,0,70,0.4138,0,1,2109314,0
1,0,70,0.2914,0,1,2126449,0
1,0,70,0.3241,0,1,2153394,0
1,0,70,0.3419,0,1,2216544,0
1,0,70,1.0,0,1,2280779,0
1,0,70,0.3359,0,1,2293926,0
1,0,70,1.0,0,1,2381257,0
1,0,70,0.2288,0,1,2409503,0
1,0,70,0.9985,0,1,2433660,0
1,0,70,0.3678,0,1,2445033,0
1,0,70,0.3601,0,1,2457919,0
1,0,70,0.463,0,1,2535272,0
1,0,70,0.1954,0,1,2550643,0
1,0,70,0.5096,0,1,2563219,0
1,0,70,0.2583,0,1,2583771,0
1,0,70,0.999,0,1,2595595,0
1,0,70,0.1954,0,1,2632520,0
1,0,70,0.4514,0,1,2644076,0
1,0,70,0.2792,0,1,2656857,0
1,0,70,0.3419,0,1,2669665,0
1,0,70,0.8894,0,1,2682394,0
1,0,70,0.3241,0,1,2724583,0
1,0,70,1.0,0,1,2787299,0
1,0,70,0.5362,0,1,2811785,0
1,0,70,0.2288,0,1,2824729,0
1,0,70,0.5329,0,1,2837245,0
1,0,70,0.1965,0,1,2857887,0
1,0,70,0.2083,0,1,2939205,0
1,0,100,0.1892,0,1,750387,0
1,1,40,0.8153,0,1,639972,0
1,1,40,0.4963,0,1,843822,0
1,1,40,0.9955,0,1,909471,0
1,1,40,0.3787,0,1,1136912,0
1,1,40,0.9998,0,1,1317364,0
1,1,40,0.556,0,1,1346248,0
1,1,40,0.5951,0,1,1417276,0
1,1,40,0.9985,0,1,1566427,0
1,1,175,0.4729,0,1,9007,0
1,1,175,0.3977,0,1,737538,0
1,1,175,1.0,0,1,840091,0
1,1,175,0.4399,0,1,882674,0
1,1,175,1.0,0,1,971714,0
1,1,175,0.3359,0,1,1062881,0
1,1,175,0.4089,0,1,1127580,0
1,1,175,0.374,0,1,1170194,0
1,1,175,1.0,0,1,1183612,0
1,1,175,0.8901,0,1,1246188,0
1,1,40,0.2173,0,0,28542,0
1,1,40,0.1934,0,0,31984,0
1,1,40,0.215,0,0,35152,0
1,1,40,0.1934,0,0,40184,0
1,1,40,0.9863,0,0,48480,0
1,1,40,0.1954,0,0,117715,0
1,1,40,0.3285,0,0,125025,0
1,1,40,1.0,0,0,135196,0
1,1,40,0.2469,0,0,155584,0
1,1,40,0.3329,0,0,177076,0
1,1,40,0.2914,0,0,185575,0
1,1,40,0.2018,0,0,198764,0
1,1,40,0.1852,0,0,211983,0
1,1,40,0.1934,0,0,222646,0
1,1,40,0.204,0,0,236266,0
1,1,40,0.1822,0,0,251869,0
1,1,40,0.1773,0,0,270702,0
1,1,40,0.9093,0,0,365905,0
1,1,40,0.3068,0,0,394965,0
1,1,40,0.257,0,0,419960,0
1,1,40,0.2253,0,0,435870,0
1,1,40,0.2061,0,0,494451,0
1,1,40,0.2173,0,0,508640,0
1,1,40,0.1773,0,0,519257,0
1,1,40,0.2051,0,0,552377,0
1,1,40,0.2173,0,0,561832,0
1,1,40,0.215,0,0,578380,0
1,1,40,0.1753,0,0,612662,0
1,1,40,0.1715,0,0,625664,0
1,1,40,0.1773,0,0,639848,0
1,1,40,0.2051,0,0,675316,0
1,1,40,0.2173,0,0,898704,0
1,1,40,0.2432,0,0,908164,0
1,1,40,0.1696,0,0,928256,0
1,1,40,1.0,0,0,78207,0
1,1,40,1.0,0,0,795618,0
1,1,40,0.417,0,0,13302,0
1,1,40,0.4779,0,0,31041,0
1,1,40,0.4219,0,0,41184,0
1,1,40,0.5212,0,0,55547,0
1,1,40,0.4089,0,0,64701,0
1,1,40,0.9831,0,0,3149494,0
1,0,80,0.9685,0,0,676623,0
1,1,40,1.0,0,0,4197607,0
1,1,40,1.0,0,0,308503,0
1,1,40,1.0,0,0,333373,0
1,1,40,1.0,0,0,344016,0
1,1,40,1.0,0,0,407936,0
1,1,40,1.0,0,0,418600,0
1,1,40,1.0,0,0,468317,0
1,1,40,1.0,0,0,486069,0
1,1,40,1.0,0,0,500276,0
1,1,40,1.0,0,0,510931,0
1,1,40,1.0,0,0,553549,0
1,1,40,1.0,0,0,564200,0
1,1,40,1.0,0,0,581949,0
1,1,40,1.0,0,0,592614,0
1,1,40,1.0,0,0,652969,0
1,1,40,1.0,0,0,663618,0
1,1,40,1.0,0,0,674290,0
1,1,40,1.0,0,0,684933,0
1,1,40,1.0,0,0,695578,0
1,1,40,1.0,0,0,702679,0
1,1,40,1.0,0,0,713328,0
1,1,40,1.0,0,0,830512,0
1,1,40,1.0,0,0,844714,0
1,1,40,1.0,0,0,855369,0
1,1,40,1.0,0,0,862475,0
1,1,40,1.0,0,0,876673,0
1,1,40,1.0,0,0,897989,0
1,1,40,1.0,0,0,908650,0
1,1,40,1.0,0,0,919301,0
1,1,40,0.3494,0,0,933630,0
1,1,40,0.9437,0,0,947849,0
1,1,40,1.0,0,0,965451,0
1,1,40,1.0,0,0,979651,0
1,1,40,1.0,0,0,990300,0
1,1,40,0.3945,0,0,997542,0
1,1,40,1.0,0,0,1018714,0
1,1,40,1.0,0,0,1029360,0
1,1,40,1.0,0,0,1040020,0
1,1,40,1.0,0,0,1050670,0
1,1,40,1.0,0,0,1150090,0
1,1,40,1.0,0,0,1157189,0
1,1,40,1.0,0,0,1164302,0
1,1,40,1.0,0,0,1174946,0
1,1,40,1.0,0,0,1185602,0
1,1,40,1.0,0,0,1196243,0
1,1,40,0.9999,0,0,1206989,0
1,1,40,1.0,0,0,1221106,0
1,1,40,1.0,0,0,1228221,0
1,1,40,1.0,0,0,1242405,0
1,1,40,1.0,0,0,1253069,0
1,1,40,1.0,0,0,1263724,0
1,1,40,1.0,0,0,1277926,0
1,1,40,1.0,0,0,1285016,0
1,1,40,1.0,0,0,1292132,0
1,1,40,1.0,0,0,1299230,0
1,1,40,1.0,0,0,1309877,0
1,1,40,1.0,0,0,1316989,0
1,1,40,0.9848,0,0,1327718,0
1,1,40,0.9966,0,0,1338367,0
1,1,40,1.0,0,0,1359602,0
1,1,40,1.0,0,0,1370247,0
1,1,40,0.9995,0,0,1384526,0
1,1,40,1.0,0,0,1391555,0
1,1,40,1.0,0,0,1402211,0
1,1,40,1.0,0,0,1430612,0
1,1,40,1.0,0,0,1437715,0
1,1,40,1.0,0,0,1448373,0
1,1,40,1.0,0,0,1469673,0
1,1,40,1.0,0,0,1480323,0
1,1,40,1.0,0,0,1494534,0
1,1,40,1.0,0,0,1512277,0
1,1,40,1.0,0,0,1530040,0
1,1,40,1.0,0,0,1540695,0
1,1,40,1.0,0,0,1554895,0
1,1,40,1.0,0,0,1565555,0
1,1,40,1.0,0,0,1576208,0
1,1,40,1.0,0,0,1586862,0
1,1,40,1.0,0,0,1597511,0
1,1,40,1.0,0,0,1611713,0
1,1,40,1.0,0,0,1625918,0
1,1,40,1.0,0,0,1636571,0
1,1,40,1.0,0,0,1647218,0
1,1,40,1.0,0,0,1661425,0
1,1,40,1.0,0,0,1672082,0
1,1,40,1.0,0,0,1682722,0
1,1,40,1.0,0,0,1700480,0
1,1,40,1.0,0,0,1711137,0
1,1,40,1.0,0,0,1721788,0
1,1,40,1.0,0,0,1735985,0
1,1,40,1.0,0,0,1799909,0
1,1,40,1.0,0,0,1810559,0
1,1,40,1.0,0,0,1821207,0
1,1,40,1.0,0,0,1831860,0
1,1,40,1.0,0,0,1842518,0
1,1,40,1.0,0,0,1853169,0
1,1,40,1.0,0,0,1863816,0
1,1,40,1.0,0,0,1881566,0
1,1,40,1.0,0,0,1892225,0
1,1,40,1.0,0,0,1902883,0
1,1,40,1.0,0,0,1913522,0
1,1,40,1.0,0,0,1924169,0
1,1,40,1.0,0,0,1934838,0
1,1,40,1.0,0,0,1945494,0
1,1,40,1.0,0,0,1959683,0
1,1,40,1.0,0,0,1970337,0
1,1,40,1.0,0,0,2098167,0
1,1,40,1.0,0,0,2112377,0
1,1,40,1.0,0,0,2133677,0
1,1,40,1.0,0,0,2194041,0
1,1,40,1.0,0,0,2204696,0
1,1,40,1.0,0,0,2215354,0
1,1,40,1.0,0,0,2229552,0
1,1,40,1.0,0,0,2240199,0
1,1,40,1.0,0,0,2254407,0
1,1,40,1.0,0,0,2265059,0
1,1,40,1.0,0,0,2289914,0
1,1,40,1.0,0,0,2300567,0
1,1,40,1.0,0,0,2311225,0
1,1,40,1.0,0,0,2321871,0
1,1,40,1.0,0,0,2339627,0
1,1,40,1.0,0,0,2357383,0
1,1,40,1.0,0,0,2368032,0
1,1,40,1.0,0,0,2399992,0
1,1,40,1.0,0,0,2410724,0
1,1,40,1.0,0,0,2421293,0
1,1,40,1.0,0,0,2431945,0
1,1,40,1.0,0,0,2442600,0
1,1,40,1.0,0,0,2460355,0
1,1,40,1.0,0,0,2542022,0
1,1,40,1.0,0,0,2552670,0
1,1,40,1.0,0,0,2563319,0
1,1,40,1.0,0,0,2573973,0
1,1,40,1.0,0,0,2584705,0
1,1,40,1.0,0,0,2595328,0
1,1,40,1.0,0,0,2605918,0
1,1,40,1.0,0,0,2616577,0
1,1,40,1.0,0,0,2627229,0
1,1,40,1.0,0,0,2641432,0
1,1,40,1.0,0,0,2662727,0
1,1,40,1.0,0,0,29559,0
1,1,40,1.0,0,0,47299,0
1,1,40,1.0,0,0,65059,0
1,1,40,0.9491,0,0,75758,0
1,1,40,0.8223,0,0,86408,0
1,1,40,1.0,0,0,104115,0
1,1,40,1.0,0,0,114768,0
1,1,40,1.0,0,0,125418,0
1,1,40,1.0,0,0,143167,0
1,1,40,1.0,0,0,157419,0
1,1,40,1.0,0,0,168027,0
1,1,40,0.3012,0,0,178723,0
1,1,40,1.0,0,0,189330,0
1,1,40,1.0,0,0,199980,0
1,1,40,1.0,0,0,210633,0
1,1,40,1.0,0,0,239041,0
1,1,40,1.0,0,0,249693,0
1,1,40,1.0,0,0,260349,0
1,1,40,1.0,0,0,270999,0
1,1,40,1.0,0,0,281656,0
1,1,40,1.0,0,0,299413,0
1,1,40,1.0,0,0,310065,0
1,1,40,1.0,0,0,320720,0
1,1,40,1.0,0,0,327823,0
1,1,40,1.0,0,0,334925,0
1,1,40,1.0,0,0,345580,0
1,1,40,1.0,0,0,356230,0
1,1,40,1.0,0,0,366881,0
1,1,40,1.0,0,0,377537,0
1,1,40,1.0,0,0,388190,0
1,1,40,1.0,0,0,398837,0
1,1,40,1.0,0,0,409491,0
1,1,40,1.0,0,0,420136,0
1,1,40,1.0,0,0,430771,0
1,1,40,1.0,0,0,441418,0
1,1,40,1.0,0,0,452068,0
1,1,40,1.0,0,0,462709,0
1,1,40,0.8848,0,0,473414,0
1,1,40,1.0,0,0,498190,0
1,1,40,1.0,0,0,508837,0
1,1,40,1.0,0,0,519483,0
1,1,40,0.7966,0,0,533732,0
1,1,40,0.8082,0,0,544375,0
1,1,40,1.0,0,0,554961,0
1,1,40,1.0,0,0,579795,0
1,1,40,1.0,0,0,590440,0
1,1,40,1.0,0,0,601086,0
1,1,40,1.0,0,0,611732,0
1,1,40,1.0,0,0,622372,0
1,1,40,1.0,0,0,633023,0
1,1,40,1.0,0,0,643657,0
1,1,40,1.0,0,0,686245,0
1,1,40,1.0,0,0,696884,0
1,1,40,1.0,0,0,707526,0
1,1,40,1.0,0,0,718174,0
1,1,40,1.0,0,0,728912,0
1,1,40,1.0,0,0,743010,0
1,1,40,1.0,0,0,775041,0
1,1,40,1.0,0,0,799788,0
1,1,40,1.0,0,0,899231,0
1,1,40,1.0,0,0,909876,0
1,1,40,1.0,0,0,920427,0
1,1,40,1.0,0,0,931074,0
1,1,40,1.0,0,0,938265,0
1,1,40,1.0,0,0,1413654,0
1,1,40,1.0,0,0,1424299,0
1,1,40,1.0,0,0,1434944,0
1,1,40,1.0,0,0,1445593,0
1,1,40,1.0,0,0,1463330,0
1,1,40,1.0,0,0,1473977,0
1,1,40,1.0,0,0,1484624,0
1,1,40,1.0,0,0,1495267,0
1,1,40,1.0,0,0,1505915,0
1,1,40,1.0,0,0,1516553,0
1,1,40,1.0,0,0,1527208,0
1,1,40,1.0,0,0,1541496,0
1,1,40,1.0,0,0,1555596,0
1,1,40,1.0,0,0,1566243,0
1,1,40,1.0,0,0,1576890,0
1,1,40,1.0,0,0,1587535,0
1,1,40,1.0,0,0,1601728,0
1,1,40,1.0,0,0,1615921,0
1,1,40,1.0,0,0,1626575,0
1,1,40,1.0,0,0,1637218,0
1,1,40,1.0,0,0,1647865,0
1,1,40,1.0,0,0,1658501,0
1,1,40,1.0,0,0,1669152,0
1,1,40,1.0,0,0,1679793,0
1,1,40,1.0,0,0,1693992,0
1,1,40,1.0,0,0,1704636,0
1,1,40,1.0,0,0,1715280,0
1,1,40,0.119,0,0,1729556,0
1,1,40,1.0,0,0,1740121,0
1,1,40,1.0,0,0,1750768,0
1,1,40,1.0,0,0,1761412,0
1,1,40,1.0,0,0,1775604,0
1,1,40,1.0,0,0,1786253,0
1,1,40,1.0,0,0,1803992,0
1,1,40,1.0,0,0,1814642,0
1,1,40,1.0,0,0,1825287,0
1,1,40,1.0,0,0,1835934,0
1,1,40,1.0,0,0,1853674,0
1,1,40,1.0,0,0,1867972,0
1,1,40,1.0,0,0,1878514,0
1,1,40,1.0,0,0,1889165,0
1,1,40,1.0,0,0,1903355,0
1,1,40,1.0,0,0,1914002,0
1,1,40,1.0,0,0,1935297,0
1,1,40,1.0,0,0,1945941,0
1,1,40,1.0,0,0,1960132,0
1,1,40,1.0,0,0,1970779,0
1,1,40,1.0,0,0,1981417,0
1,1,40,1.0,0,0,1992062,0
1,1,40,1.0,0,0,2002718,0
1,1,40,1.0,0,0,2013457,0
1,1,40,1.0,0,0,2027555,0
1,1,40,1.0,0,0,2041748,0
1,1,40,1.0,0,0,2052389,0
1,1,40,1.0,0,0,2070134,0
1,1,40,1.0,0,0,2087881,0
1,1,40,1.0,0,0,2098521,0
1,1,40,1.0,0,0,2109173,0
1,1,40,1.0,0,0,2119822,0
1,1,40,1.0,0,0,2134009,0
1,1,40,0.119,0,0,2166065,0
1,1,40,1.0,0,0,2187237,0
1,1,40,1.0,0,0,2201440,0
1,1,40,1.0,0,0,2212076,0
1,1,40,1.0,0,0,2222725,0
1,1,40,1.0,0,0,2233368,0
1,1,40,1.0,0,0,2244009,0
1,1,40,1.0,0,0,2254664,0
1,1,40,1.0,0,0,2265307,0
1,1,40,1.0,0,0,2275954,0
1,1,40,1.0,0,0,2290146,0
1,1,40,1.0,0,0,2300789,0
1,1,40,1.0,0,0,2315086,0
1,1,40,1.0,0,0,2336275,0
1,1,40,1.0,0,0,2350467,0
1,1,40,1.0,0,0,2364667,0
1,1,40,1.0,0,0,2382409,0
1,1,40,1.0,0,0,2421444,0
1,1,40,1.0,0,0,2449833,0
1,1,40,1.0,0,0,2556287,0
1,1,40,1.0,0,0,2566935,0
1,1,40,1.0,0,0,2598874,0
1,1,40,1.0,0,0,2638000,0
1,1,40,1.0,0,0,2648545,0
1,1,40,1.0,0,0,2662735,0
1,1,40,1.0,0,0,2698232,0
1,1,40,1.0,0,0,2708878,0
1,1,40,1.0,0,0,2730163,0
1,1,40,1.0,0,0,2740809,0
1,1,40,1.0,0,0,2751455,0
1,1,40,0.8183,0,0,2765714,0
1,1,40,1.0,0,0,2776296,0
1,1,40,1.0,0,0,2786940,0
1,1,40,1.0,0,0,2797592,0
1,1,40,0.761,0,0,2811847,0
1,1,40,1.0,0,0,2829521,0
1,1,40,1.0,0,0,2840169,0
1,1,40,1.0,0,0,2854357,0
1,1,40,1.0,0,0,2875657,0
1,1,40,1.0,0,0,2886302,0
1,1,40,1.0,0,0,2896951,0
1,1,40,1.0,0,0,2943077,0
1,1,40,1.0,0,0,2957266,0
1,1,40,0.5378,0,0,2975077,0
1,1,40,1.0,0,0,2985655,0
1,1,40,1.0,0,0,3003398,0
1,1,40,1.0,0,0,4348250,0
1,1,40,1.0,0,0,4358896,0
1,1,40,1.0,0,0,4373092,0
1,1,40,1.0,0,0,4383746,0
1,1,40,1.0,0,0,4401486,0
1,1,40,1.0,0,0,4419228,0
1,1,40,1.0,0,0,4440514,0
1,1,40,1.0,0,0,4639210,0
1,1,40,1.0,0,0,4649858,0
1,1,40,1.0,0,0,4703077,0
1,1,40,1.0,0,0,7261606,0
1,1,40,1.0,0,0,7275798,0
1,1,40,1.0,0,0,7300641,0
1,1,40,1.0,0,0,7307739,0
1,1,40,1.0,0,0,7318386,0
1,1,40,1.0,0,0,7325485,0
1,1,40,1.0,0,0,7612933,0
1,1,40,1.0,0,0,7655518,0
1,1,40,1.0,0,0,7754878,0
1,1,40,1.0,0,0,7765518,0
1,1,40,1.0,0,0,7783272,0
1,1,40,1.0,0,0,7797464,0
1,1,40,1.0,0,0,7818756,0
1,1,50,1.0,0,0,19000,0
1,1,50,1.0,0,0,29657,0
1,1,50,1.0,0,0,40322,0
1,1,40,1.0,0,0,115072,0
1,1,40,1.0,0,0,139939,0
1,1,40,1.0,0,0,55774,0
1,1,40,1.0,0,0,87744,0
1,1,40,1.0,0,0,98402,0
1,1,40,1.0,0,0,109058,0
1,1,40,1.0,0,0,119716,0
1,1,40,1.0,0,0,130372,0
1,1,40,1.0,0,0,3629947,0
1,1,40,1.0,0,0,3658370,0
1,1,40,1.0,0,0,3711661,0
1,1,40,1.0,0,0,2150529,0
1,1,40,0.633,0,0,2887460,0
1,0,100,0.2998,0,0,155255,0
1,1,50,0.1384,0,0,1083340,0
1,1,50,0.2253,0,0,1162279,0
1,1,50,0.1773,0,0,1223690,0
1,1,50,0.1322,0,0,1260440,0
1,1,50,0.1417,0,0,1273552,0
1,1,50,0.1292,0,0,1292292,0
1,1,50,0.1353,0,0,1311529,0
1,1,50,0.1292,0,0,1322072,0
1,1,50,0.1361,0,0,1333074,0
1,1,50,0.1322,0,0,1341292,0
1,1,50,0.1376,0,0,1351649,0
1,1,50,0.1307,0,0,1361745,0
1,1,50,0.133,0,0,1378585,0
1,1,50,0.1307,0,0,1388036,0
1,1,50,0.2061,0,0,1398169,0
1,1,50,0.1417,0,0,1413272,0
1,1,50,0.1322,0,0,1423992,0
1,1,50,0.1284,0,0,1436089,0
1,1,50,0.1361,0,0,1444004,0
1,1,50,0.1353,0,0,83249,0
1,1,50,0.1292,0,0,134988,0
1,1,50,0.1284,0,0,156370,0
1,1,50,0.1262,0,0,171874,0
1,1,50,0.1262,0,0,192327,0
1,1,50,0.1262,0,0,203197,0
1,1,50,0.124,0,0,224240,0
1,1,50,0.1262,0,0,237729,0
1,1,50,0.1292,0,0,249736,0
1,1,50,0.1417,0,0,273908,0
1,1,50,0.1384,0,0,294032,0
1,1,50,0.1715,0,0,367324,0
1,1,50,0.1384,0,0,450379,0
1,1,50,0.3977,0,0,483796,0
1,1,50,0.1353,0,0,598090,0
1,1,50,0.1384,0,0,626952,0
1,1,50,0.1483,0,0,679386,0
1,1,50,0.1569,0,0,762234,0
1,1,50,0.1384,0,0,796972,0
1,1,50,0.14,0,0,818584,0
1,1,50,0.1322,0,0,847972,0
1,1,50,0.1322,0,0,858604,0
1,1,50,0.1449,0,0,879259,0
1,1,50,0.1322,0,0,888672,0
1,1,50,0.1449,0,0,899659,0
1,1,50,0.14,0,0,909972,0
1,1,50,0.1353,0,0,972384,0
1,1,50,0.1449,0,0,983183,0
1,1,50,0.1441,0,0,1013642,0
1,1,50,0.14,0,0,1028213,0
1,1,50,0.1892,0,0,1042404,0
1,1,50,0.1322,0,0,1069368,0
1,1,50,0.14,0,0,1095698,0
1,1,50,0.14,0,0,1110856,0
1,1,50,0.1417,0,0,1156107,0
1,1,50,0.14,0,0,1188740,0
1,1,50,0.1483,0,0,1298256,0
1,1,50,0.2018,0,0,1458128,0
1,1,50,0.1384,0,0,1481144,0
1,1,50,0.1499,0,0,1506525,0
1,1,50,0.1483,0,0,1593115,0
1,1,50,0.1384,0,0,1622520,0
1,1,50,0.1322,0,0,1645544,0
1,1,50,0.1353,0,0,1667032,0
1,1,50,0.14,0,0,1681980,0
1,1,50,0.1659,0,0,1692615,0
1,1,50,0.1696,0,0,1709863,0
1,1,50,0.1622,0,0,1733269,0
1,1,50,0.1483,0,0,1738808,0
1,1,50,0.1441,0,0,1789332,0
1,1,50,0.1322,0,0,1819724,0
1,1,50,0.14,0,0,1962342,0
1,1,120,0.7065,0,0,30207,1
1,1,120,0.9755,0,0,55572,1
1,1,120,0.8861,0,0,68445,1
1,1,120,0.5805,0,0,75642,1
1,1,120,0.9806,0,0,97132,1
1,1,120,0.9998,0,0,143784,1
1,1,50,0.9915,0,0,128854,1
1,1,40,0.3601,0,0,1543653,1
1,1,40,0.2998,0,0,1564451,1
1,1,40,0.4057,0,0,1581921,1
1,1,40,0.4399,0,0,1599135,1
1,1,40,0.3819,0,0,1647908,1
1,1,40,0.2288,0,0,1668998,1
1,1,40,0.2532,0,0,1682919,1
1,1,40,0.1954,0,0,1738096,1
1,1,40,0.215,0,0,1772580,1
1,1,40,0.2984,0,0,2369532,1
1,1,40,0.2288,0,0,2396372,1
1,1,40,0.215,0,0,2413168,1
1,0,69,0.4763,0,0,5851552,1
1,0,69,0.2195,0,0,5877663,1
1,0,69,0.3725,0,0,5897947,1
1,0,69,0.215,0,0,5921344,1
1,0,69,0.1852,0,0,5948468,1
1,0,69,0.2173,0,0,5971611,1
1,0,69,0.2253,0,0,5996730,1
1,0,69,1.0,0,0,6245624,1
1,0,143,0.2699,0,0,785268,1
1,1,100,0.3154,0,0,1934306,1
1,1,100,0.9792,0,0,1954598,1
1,1,100,0.9961,0,0,1970774,1
1,1,100,0.9869,0,0,1981388,1
1,1,100,0.9999,0,0,1997356,1
1,1,100,1.0,0,0,2003323,1
1,1,100,0.9971,0,0,2014210,1
1,1,100,1.0,0,0,2020002,1
1,1,100,0.7281,0,0,2030688,1
1,1,100,0.9964,0,0,2036193,1
1,1,100,0.9891,0,0,2046094,1
1,1,100,0.9451,0,0,2056310,1
1,1,100,1.0,0,0,2076516,1
1,1,100,0.998,0,0,2086004,1
1,1,100,0.9999,0,0,2095554,1
1,1,100,0.9919,0,0,2104786,1
1,1,100,0.9998,0,0,2113679,1
1,1,100,0.9977,0,0,2122174,1
1,1,100,0.2739,0,0,2163461,1
1,1,100,0.2712,0,0,2172852,1
1,1,100,0.2359,0,0,2182058,1
1,1,100,0.2116,0,0,2188217,1
1,1,100,0.3241,0,0,2197352,1
1,1,100,0.3725,0,0,2206544,1
1,1,100,0.2195,0,0,2215716,1
1,1,100,0.2288,0,0,2224908,1
1,1,100,0.266,0,0,2237084,1
1,0,100,0.2432,0,0,735612,0
1,0,80,1.0,0,0,355940,0
1,0,120,0.1822,0,0,3028545,0
1,1,290,0.9774,0,0,612201,0
1,1,185,0.2432,0,0,32914,0
1,1,200,0.9987,0,0,228379,0
1,1,200,0.3097,0,0,231429,0
1,1,50,0.5757,0,0,2513153,0
1,1,50,0.3068,0,0,4807459,0
1,1,50,0.7955,0,0,4848223,0
1,1,70,0.4317,0,0,466028,0
1,1,40,0.3329,0,0,51943,0
1,1,40,0.4284,0,0,303225,0
1,1,50,0.3012,0,0,3020344,0
1,1,70,0.3241,0,0,1346892,0
1,0,70,0.5461,0,0,70219,0
1,0,70,0.2901,0,0,1263623,0
1,0,50,0.5428,0,0,1503538,0
1,0,50,0.4089,0,0,1587172,0
1,1,50,0.991,0,0,7430,0
1,1,50,0.4465,0,0,1099506,0
1,1,50,0.43,0,0,2922516,0
1,0,80,0.6574,0,0,690095,0
1,0,80,0.3725,0,0,203973,0
1,0,60,0.3285,0,0,133188,0
1,0,60,0.1852,0,0,597956,0
1,0,60,0.2445,0,0,673841,0
1,0,60,0.1551,0,0,731417,0
1,0,60,0.1622,0,0,817238,0
1,0,60,0.1773,0,0,861912,0
1,0,60,0.1622,0,0,968156,0
1,0,60,0.215,0,0,1035255,0
1,0,60,0.156,0,0,1074269,0
1,0,60,0.1773,0,0,1131516,0
1,0,60,0.1622,0,0,1168986,0
1,0,60,0.1954,0,0,1199744,0
1,0,60,0.2061,0,0,1290093,0
1,0,60,0.33,0,0,1658945,0
1,0,60,0.3285,0,0,2070108,0
1,0,60,0.2051,0,0,2097069,0
1,0,60,0.2359,0,0,2243918,0
1,0,60,0.9917,0,0,2455610,0
1,0,60,0.257,0,0,2563697,0
1,0,60,0.2061,0,0,2637324,0
1,0,60,0.1954,0,0,2690125,0
1,0,60,0.4465,0,0,2829623,0
1,0,60,0.2061,0,0,2993150,0
1,0,60,0.2173,0,0,3023370,0
1,0,60,0.2408,0,0,3378464,0
1,0,60,0.1773,0,0,3406368,0
1,0,60,0.463,0,0,3457631,0
1,0,60,0.4366,0,0,3581245,0
1,0,60,0.2819,0,0,92878,0
1,0,60,0.4729,0,0,113269,0
1,0,60,0.2583,0,0,140744,0
1,0,60,0.7955,0,0,328431,0
1,0,60,0.1773,0,0,414919,0
1,0,60,0.3068,0,0,484193,0
1,0,60,0.2288,0,0,589740,0
1,0,60,0.2173,0,0,625577,0
1,0,60,0.1892,0,0,800126,0
1,0,60,0.9844,0,0,902589,0
1,0,60,0.2173,0,0,970962,0
1,0,60,0.4763,0,0,1046565,0
1,0,60,0.9929,0,0,1082492,0
1,0,60,0.5212,0,0,1250608,0
1,0,60,0.1934,0,0,1294968,0
1,0,60,0.2739,0,0,1388292,0
1,0,60,0.2288,0,0,1540628,0
1,0,60,0.3509,0,0,1566617,0
1,0,60,0.2288,0,0,1593977,0
1,0,60,0.3419,0,0,1635847,0
1,0,60,0.2195,0,0,1757997,0
1,0,60,0.2359,0,0,2089982,0
1,0,60,0.4089,0,0,2274364,0
1,0,60,0.5378,0,0,2315017,0
1,0,60,0.2195,0,0,2488268,0
1,0,60,0.1954,0,0,2921961,0
1,0,60,0.2432,0,0,2946689,0
1,0,60,0.2288,0,0,3294606,0
1,0,60,0.1862,0,0,3426581,0
1,0,60,0.1954,0,0,3579130,0
1,0,70,0.9998,0,0,951875,0
1,0,70,0.1954,0,0,990614,0
1,0,70,0.2288,0,0,1161637,0
1,0,70,0.215,0,0,1465348,0
1,0,70,1.0,0,0,2961860,0
1,0,70,1.0,0,0,2987424,0
1,0,70,0.2051,0,0,3009085,0
1,0,70,0.1954,0,0,3379334,0
1,0,70,0.6422,0,0,3403338,0
1,0,70,0.1934,0,0,3857540,0
1,0,70,0.1773,0,0,3896732,0
1,0,70,0.2061,0,0,3942253,0
1,0,70,0.5296,0,0,3962284,0
1,0,70,0.1696,0,0,3986260,0
1,0,70,0.2173,0,0,4048592,0
1,0,70,0.1696,0,0,99636,0
1,0,70,0.2532,0,0,257756,0
1,0,70,0.7955,0,0,728281,0
1,0,70,0.2051,0,0,961360,0
1,1,40,0.3329,0,0,1620649,0
1,1,40,0.2116,0,0,1709640,0
1,1,40,1.0,0,0,1803992,0
1,1,40,0.1773,0,0,1862719,0
1,1,40,0.2901,0,0,1988956,0
1,1,40,0.1753,0,0,2014358,0
1,1,40,0.2359,0,0,2039121,0
1,1,40,0.1753,0,0,2062989,0
1,1,40,0.2195,0,0,2102085,0
1,1,40,0.2195,0,0,2166062,0
1,1,40,0.2984,0,0,2433462,0
1,1,40,0.2051,0,0,2451285,0
1,1,40,0.1773,0,0,3320084,0
1,1,40,0.266,0,0,3384541,0
1,1,40,0.2051,0,0,3577116,0
1,1,40,0.2532,0,0,4118358,0
1,1,40,0.2432,0,0,4165780,0
1,1,40,0.1852,0,0,4186980,0
1,0,69,0.6173,0,0,921087,0
1,0,69,0.1753,0,0,1581945,0
1,0,69,0.4963,0,0,1612840,0
1,0,69,0.5708,0,0,1659737,0
1,0,69,0.2359,0,0,1695433,0
1,0,69,0.3241,0,0,1715283,0
1,0,69,0.2408,0,0,4121201,0
1,0,69,0.2699,0,0,5260241,0
1,0,69,0.3329,0,0,5492080,0
1,0,69,0.2942,0,0,5521699,0
1,0,69,0.1965,0,0,5550892,0
1,0,69,0.223,0,0,5714647,0
1,0,150,0.1773,0,0,836762,0
1,0,100,0.6189,0,0,1276792,0
1,0,100,0.2901,0,0,1592233,0
1,0,100,1.0,0,0,1785718,0
1,0,100,0.1773,0,0,119924,0
1,0,100,0.7147,0,0,890920,0
1,0,100,0.1773,0,0,2173332,0
1,0,100,0.2469,0,0,3597508,0
1,0,100,0.6514,0,0,595201,0
1,0,100,0.7512,0,0,971525,0
1,0,100,0.463,0,0,1130873,0
1,0,100,0.8749,0,0,1349778,0
1,0,100,0.2914,0,0,1954485,0
1,0,100,0.8355,0,0,2134924,0
1,0,100,0.2583,0,0,2488529,0
1,0,100,0.2699,0,0,2633467,0
1,0,100,0.2901,0,0,3178549,0
1,0,100,0.1954,0,0,9754896,0
1,0,120,0.1934,0,0,2183073,0
1,0,100,0.3509,0,0,745890,0
1,0,80,0.5708,0,0,1144047,0
1,0,80,0.2173,0,0,1248676,0
1,0,80,0.257,0,0,1293999,0
1,0,80,0.3479,0,0,1786108,0
1,0,80,0.2792,0,0,2158132,0
1,0,80,0.4399,0,0,2338856,0
1,0,80,0.2253,0,0,2591828,0
1,0,80,0.204,0,0,3568704,0
1,0,80,0.23,0,0,3658081,0
1,0,80,0.2469,0,0,3681237,0
1,0,80,0.2061,0,0,3706296,0
1,0,80,0.8355,0,0,3802023,0
1,0,80,0.2288,0,0,3947227,0
1,0,80,0.2288,0,0,4072432,0
1,0,80,0.1822,0,0,4235272,0
1,0,80,0.2928,0,0,4630871,0
1,0,80,0.1773,0,0,4726828,0
1,0,211,0.1659,0,0,799291,0
1,0,211,0.2583,0,0,830518,0
1,0,143,0.2712,0,0,1134907,0
1,0,143,0.266,0,0,1219062,0
1,0,60,0.286,0,0,1248833,0
1,0,100,0.1622,0,0,271824,0
1,0,100,0.1551,0,0,287964,0
1,0,100,0.1449,0,0,496422,0
1,0,100,0.1687,0,0,733668,0
1,0,70,0.7254,0,0,468991,0
1,0,70,0.1862,0,0,492452,0
1,0,70,0.2432,0,0,652992,0
1,0,70,0.2914,0,0,812031,0
1,0,70,0.3882,0,0,832264,0
1,0,70,0.1773,0,0,899390,0
1,0,70,0.2173,0,0,1067161,0
1,0,70,0.2061,0,0,1164921,0
1,0,70,0.2739,0,0,1206028,0
1,0,70,0.1773,0,0,1304617,0
1,0,70,0.2173,0,0,1340865,0
1,0,70,0.2061,0,0,1379196,0
1,0,70,0.257,0,0,1439661,0
1,0,70,0.3097,0,0,1467096,0
1,0,70,0.1934,0,0,1519112,0
1,0,70,0.1822,0,0,1589161,0
1,0,70,0.2914,0,0,1627293,0
1,0,70,0.1852,0,0,1802170,0
1,0,70,0.9954,0,0,1862942,0
1,0,70,0.2105,0,0,1940686,0
1,0,70,0.1696,0,0,1973168,0
1,0,85,0.2432,0,0,2093622,0
1,0,85,0.215,0,0,15184,0
1,0,85,0.2482,0,0,34172,0
1,0,85,0.2173,0,0,71777,0
1,0,80,0.1773,0,0,1204128,0
1,0,80,0.2288,0,0,1286481,0
1,0,80,0.3068,0,0,1608591,0
1,0,80,0.1862,0,0,1664446,0
1,0,80,0.2432,0,0,1975680,0
1,0,80,0.1954,0,0,2702154,0
1,1,40,0.1862,0,0,10343919,0
1,1,40,0.2288,0,0,10391495,0
1,1,40,0.2901,0,0,10507433,0
1,1,50,0.3168,0,0,564704,0
1,1,50,0.2116,0,0,1264388,0
1,1,50,0.1499,0,0,1362991,0
1,1,50,0.2173,0,0,1759941,0
1,1,40,0.6574,0,0,393428,0
1,1,40,0.9999,0,0,3889348,0
1,1,40,1.0,0,0,3928519,0
1,1,40,0.3882,0,0,3980510,0
1,1,40,0.1753,0,0,4022585,0
1,1,40,0.556,0,0,4349724,0
1,1,40,0.1954,0,0,455871,0
1,1,40,0.8061,0,0,228293,0
1,1,40,0.1892,0,0,281944,0
1,1,40,0.215,0,0,603596,0
1,1,40,0.2432,0,0,1279980,0
1,1,200,0.23,0,0,135392,0
1,1,40,0.3977,0,0,2613103,0
1,1,40,0.5789,0,0,2794886,0
1,1,40,0.997,0,0,2820561,0
1,1,40,0.9996,0,0,2839568,0
1,1,40,0.997,0,0,3458746,0
1,1,40,1.0,0,0,3544454,0
1,1,40,0.8612,0,0,4680348,0
1,1,185,0.2195,0,0,7851,0
1,1,185,0.1753,0,0,783146,0
1,1,175,0.23,0,0,87916,0
1,1,175,0.5951,0,0,424082,0
1,1,175,0.7462,0,0,534066,0
1,1,175,0.2482,0,0,639490,0
1,1,175,0.7933,0,0,697863,0
1,1,175,0.2408,0,0,724192,0
1,1,175,0.1892,0,0,852041,0
1,1,175,0.6422,0,0,950109,0
1,1,100,0.976,0,0,189519,0
1,1,100,0.417,0,0,288152,0
1,1,100,0.556,0,0,356611,0
1,1,100,0.6868,0,0,373946,0
1,1,100,0.4366,0,0,395408,0
1,1,100,0.7776,0,0,413476,0
1,1,100,0.9076,0,0,505112,0
1,1,100,0.5162,0,0,530471,0
1,1,100,0.257,0,0,551913,0
1,1,100,0.3663,0,0,574196,0
1,1,100,0.5029,0,0,594752,0
1,1,100,0.8299,0,0,618457,0
1,1,100,0.5642,0,0,2287245,0
1,1,50,0.3663,0,0,3626796,0
1,1,40,0.3419,0,0,2294295,0
1,1,120,0.5063,0,0,1545468,0
1,1,175,0.8299,0,0,820681,0
1,1,40,0.417,0,0,324225,0
1,1,40,0.5967,0,0,337093,0
1,1,40,0.5903,0,0,350893,0
1,1,40,0.2914,0,0,521912,0
1,1,40,0.3494,0,0,261713,0
1,1,40,0.2792,0,0,409908,0
1,1,40,0.9608,0,0,61614,0
1,1,40,1.0,0,0,148364,0
1,1,40,0.4729,0,0,365205,0
1,1,40,0.2712,0,0,657566,0
1,1,40,0.2469,0,0,877413,0
1,1,40,0.9603,0,0,1119116,0
1,0,120,0.3241,0,0,849219,0
1,0,80,0.4219,0,0,33720,0
1,0,80,0.3509,0,0,125813,0
1,0,80,0.9546,0,0,274608,0
1,0,80,0.2532,0,0,398801,0
1,0,80,0.2432,0,0,547500,0
1,0,80,0.5626,0,0,625496,0
1,0,80,0.2739,0,0,662867,0
1,0,80,0.4498,0,0,677184,0
1,0,80,0.9998,0,0,712491,0
1,0,80,0.5329,0,0,769086,0
1,0,80,0.4235,0,0,784148,0
1,0,80,1.0,0,0,815573,0
1,0,80,1.0,0,0,830128,0
1,0,80,1.0,0,0,841077,0
1,0,80,0.9935,0,0,884609,0
1,0,80,0.9993,0,0,906500,0
1,0,80,0.9999,0,0,921071,0
1,0,80,1.0,0,0,939291,0
1,0,80,0.9769,0,0,961065,0
1,0,80,0.9676,0,0,1008474,0
1,0,80,0.7659,0,0,1022956,0
1,0,80,0.8705,0,0,1044255,0
1,0,80,0.5296,0,0,1349016,0
1,0,70,0.266,0,0,75224,0
1,0,70,0.6268,0,0,96205,0
1,0,70,0.2432,0,0,172100,0
1,0,70,0.3977,0,0,238390,0
1,0,70,0.2901,0,0,290640,0
1,0,70,0.9419,0,0,310567,0
1,0,70,0.2432,0,0,334988,0
1,0,70,0.3068,0,0,433186,0
1,0,70,0.2712,0,0,507537,0
1,0,70,0.257,0,0,532545,0
1,0,70,0.2583,0,0,563227,0
1,0,70,0.2901,0,0,621518,0
1,0,70,0.2914,0,0,643180,0
1,0,70,0.257,0,0,699354,0
1,0,70,0.3285,0,0,778450,0
1,0,70,0.8336,0,0,850713,0
1,0,70,0.2901,0,0,1569522,0
1,0,70,0.6781,0,0,1720569,0
1,0,70,0.4763,0,0,1928741,0
1,0,70,0.2914,0,0,1955642,0
1,0,70,0.5951,0,0,2051872,0
1,0,70,0.2901,0,0,2083961,0
1,0,70,0.2901,0,0,2115318,0
1,0,70,0.8749,0,0,3353146,0
1,1,40,0.9474,0,0,49572,0
1,1,40,0.3068,0,0,340224,0
1,1,40,0.2288,0,0,726664,0
1,1,40,0.2482,0,0,801872,0
1,1,40,0.257,0,0,55732,0
1,1,40,0.3197,0,0,964339,0
1,1,40,0.2686,0,0,1225386,0
1,1,40,0.1852,0,0,1281918,0
1,1,40,0.2116,0,0,1331507,0
1,1,60,0.4779,0,0,185445,0
1,0,80,0.4366,0,0,534067,0
1,0,80,0.5063,0,0,571986,0
1,0,80,0.9272,0,0,1171429,0
1,0,80,0.8123,0,0,1312199,0
1,0,80,0.4729,0,0,1446060,0
1,0,80,0.5279,0,0,1593586,0
1,0,80,0.3154,0,0,1775809,0
1,0,80,0.2739,0,0,2506147,0
1,0,80,0.6438,0,0,2685547,0
1,0,80,0.5822,0,0,2750749,0
1,0,80,0.3678,0,0,2783339,0
1,0,80,0.5212,0,0,2993390,0
1,0,80,0.4465,0,0,3029617,0
1,0,80,0.3068,0,0,3120281,0
1,0,80,0.5212,0,0,3134228,0
1,0,80,0.5659,0,0,3160062,0
1,0,80,0.7411,0,0,3203535,0
1,0,80,0.266,0,0,3232524,0
1,0,80,0.463,0,0,3257887,0
1,0,80,0.7933,0,0,3326735,0
1,0,80,0.7729,0,0,3373856,0
1,0,80,0.5296,0,0,3402848,0
1,0,80,0.417,0,0,3420976,0
1,0,80,0.8778,0,0,3522485,0
1,0,80,0.8612,0,0,3632953,0
1,0,80,0.9157,0,0,3744532,0
1,0,80,0.5903,0,0,3787187,0
1,0,80,0.5029,0,0,3814057,0
1,0,80,0.9549,0,0,3967177,0
1,0,80,0.5951,0,0,3981657,0
1,0,80,0.7147,0,0,3996148,0
1,0,80,0.4465,0,0,4019353,0
1,0,80,0.7281,0,0,4348498,0
1,0,80,0.3509,0,0,4364066,0
1,0,80,0.7776,0,0,4387848,0
1,0,80,0.9703,0,0,4399271,0
1,0,80,0.8488,0,0,4413249,0
1,0,80,0.976,0,0,4458892,0
1,0,80,0.7822,0,0,4474894,0
1,0,100,0.9856,0,0,4532922,0
1,0,100,0.6236,0,0,4194670,0
1,1,40,0.2712,0,0,467888,0
1,1,40,0.9747,0,0,2530763,0
1,1,40,0.6693,0,0,4625112,0
1,1,40,0.9961,0,0,4758137,0
1,1,40,0.7436,0,0,5303273,0
1,1,40,0.2914,0,0,5464636,0
1,1,40,0.3663,0,0,5798193,0
1,1,40,0.3241,0,0,5916473,0
1,1,40,0.3509,0,0,6571361,0
1,1,40,0.2739,0,0,6791894,0
1,1,40,0.3479,0,0,7156447,0
1,1,40,0.3977,0,0,7203465,0
1,1,40,0.5461,0,0,11150448,0
1,1,40,0.99,0,0,12438460,0
1,1,40,0.9519,0,0,12806495,0
1,0,70,0.4763,0,0,966898,0
1,0,70,0.463,0,0,1346926,0
1,0,80,0.2583,0,0,313348,0
1,0,80,0.3329,0,0,1554743,0
1,0,80,0.3464,0,0,2520749,0
1,0,200,0.761,0,0,3674102,0
1,0,200,0.3068,0,0,3755477,0
1,0,200,0.7037,0,0,3778014,0
1,0,200,0.6559,0,0,3824786,0
1,0,200,0.3068,0,0,3859251,0
1,0,200,0.9765,0,0,3948212,0
1,0,200,0.3663,0,0,4032298,0
1,0,200,0.5096,0,0,4085316,0
1,0,200,0.5461,0,0,4116853,0
1,0,200,1.0,0,0,4441757,0
2,1,40,0.3241,0,0,2497122,0
2,1,70,0.9872,0,0,764107,0
2,1,70,1.0,0,0,374730,0
2,1,70,1.0,0,0,401768,0
2,1,70,1.0,0,0,600561,0
2,1,70,0.5757,0,0,1229599,0
2,1,70,0.767,0,0,1314158,0
2,0,143,0.1322,0,0,166852,0
2,1,40,1.0,0,0,2410802,0
2,1,40,1.0,0,0,2609514,0
2,0,80,0.2105,0,0,1671950,0
2,0,80,0.3882,0,0,1725137,0
2,0,80,0.2942,0,0,1752541,0
2,0,80,0.6868,0,0,1995544,0
2,0,80,0.3329,0,0,2063540,0
2,1,120,0.4235,0,0,266284,0
2,1,120,0.2288,0,0,1146657,0
2,1,175,0.8579,0,0,701399,0
2,1,175,0.4106,0,0,1154994,0
2,1,40,0.3125,0,0,1370789,0
2,1,40,0.6574,0,0,1002562,0
2,1,40,1.0,0,0,1012529,0
2,1,200,0.8355,0,0,159043,0
2,1,200,1.0,0,0,117422,0
2,1,200,0.3068,0,0,130760,0
2,1,200,0.3197,0,0,143523,0
2,1,200,0.3663,0,0,149048,0
2,1,200,0.3168,0,0,363701,0
2,1,200,0.3787,0,0,375592,0
2,1,200,0.2942,0,0,379740,0
2,1,200,0.4106,0,0,393457,0
2,1,200,0.4366,0,0,402394,0
2,1,200,0.5511,0,0,409986,0
2,1,200,0.385,0,0,421204,0
2,1,200,0.633,0,0,430948,0
2,1,200,0.3834,0,0,444148,0
2,1,200,0.3882,0,0,448681,0
2,1,200,0.3479,0,0,455227,0
2,1,200,0.463,0,0,464503,0
2,0,100,0.3012,0,0,3213793,0
2,0,100,0.2482,0,0,3277804,0
2,0,70,0.1934,0,0,46714,0
2,0,70,0.2288,0,0,224005,0
2,1,90,0.3125,0,0,1798872,0
2,1,185,0.8391,0,0,167280,0
2,1,185,0.9993,0,0,281358,0
2,1,185,0.3359,0,0,308931,0
2,1,185,0.6574,0,0,471955,0
2,1,40,0.3945,0,0,113260,0
2,1,40,0.5378,0,0,151240,0
2,1,40,0.4366,0,0,189673,0
2,1,40,0.3977,0,0,225718,0
2,1,40,0.6619,0,0,255155,0
2,1,40,0.4729,0,0,300303,0
2,1,40,0.6173,0,0,657468,0
2,1,40,0.3882,0,0,695980,0
2,1,40,0.633,0,0,707576,0
2,1,40,0.3509,0,0,720705,0
2,1,40,0.5659,0,0,732308,0
2,1,40,0.9361,0,0,754445,0
2,1,40,0.6015,0,0,762911,0
2,1,40,0.6619,0,0,825488,0
2,1,40,0.6236,0,0,856766,0
2,1,40,0.3212,0,0,891060,0
2,1,40,0.5461,0,0,900068,0
2,1,40,0.7933,0,0,920577,0
2,1,40,0.7844,0,0,929482,0
2,1,40,0.7966,0,0,1058240,0
2,1,40,0.6781,0,0,1084192,0
2,1,40,0.8854,0,0,1090984,0
2,1,40,0.7512,0,0,1115618,0
2,1,40,0.9685,0,0,1124976,0
2,1,40,0.7079,0,0,1151809,0
2,1,40,0.1822,0,0,1930709,0
2,1,185,0.2901,0,0,114430,0
2,1,175,0.266,0,0,210828,0
2,1,175,0.6514,0,0,165248,0
2,1,100,0.1852,0,0,212793,0
2,1,60,0.633,0,0,1230964,0
2,1,60,0.8153,0,0,1294504,0
2,1,60,0.3464,0,0,1384749,0
2,0,200,0.417,0,0,226474,0
2,1,40,0.9987,0,0,739072,0
2,1,200,0.5029,0,0,1054602,0
2,1,40,1.0,0,0,810184,0
2,1,50,0.1687,0,0,1915213,0
2,1,40,0.9681,0,0,1259448,0
2,1,40,0.6839,0,0,425925,0
2,1,70,1.0,0,0,1019477,0
2,1,70,0.6574,0,0,1045940,0
2,1,40,0.2482,0,0,548048,0
2,0,80,0.9975,0,0,370947,0
2,1,50,0.1734,0,0,1998060,0
2,1,40,0.9999,0,0,903475,0
2,1,40,0.9979,0,0,942520,0
2,1,40,1.0,0,0,949655,0
2,1,40,1.0,0,0,982032,0
2,1,40,0.2699,0,0,181432,0
2,0,80,0.2532,0,0,2162587,0
2,0,80,0.2105,0,0,2182560,0
2,0,80,0.3601,0,0,2195695,0
2,0,80,0.1852,0,0,2224815,0
2,0,80,0.2061,0,0,2240686,0
2,0,80,0.1812,0,0,2253261,0
2,0,80,0.2699,0,0,2265683,0
2,0,80,0.1773,0,0,2278012,0
2,0,80,0.2482,0,0,2293200,0
2,0,100,1.0,0,0,4569159,0
2,0,100,1.0,0,0,4601186,0
2,0,100,1.0,0,0,4615178,0
2,0,100,0.9537,0,0,4639384,0
2,0,100,1.0,0,0,4652868,0
2,0,100,1.0,0,0,4662945,0
2,0,100,1.0,0,0,4689395,0
2,0,100,1.0,0,0,4712084,0
2,0,100,1.0,0,0,4737382,0
2,1,40,0.9549,0,0,2161400,0
2,1,40,0.5659,0,0,2184746,0
2,1,40,0.9969,0,0,2203324,0
2,1,40,0.965,0,0,2212600,0
2,1,40,0.3977,0,0,2235737,0
2,1,40,0.556,0,0,2258772,0
2,1,40,1.0,0,0,2277118,0
2,1,40,0.6031,0,0,2286293,0
2,1,40,0.4796,0,0,2295428,0
2,1,40,0.3601,0,0,2304542,0
2,1,40,0.3882,0,0,2312033,0
2,1,40,0.204,0,0,96606,0
2,1,40,1.0,0,0,31494,0
2,1,40,0.9961,0,0,68050,0
2,1,40,0.9821,0,0,96615,0
2,1,40,1.0,0,0,141196,0
2,1,40,0.6173,0,0,107491,0
2,0,80,0.4219,0,0,2650780,0
2,1,185,0.2901,0,0,61060,0
2,1,185,0.3945,0,0,75122,0
2,1,40,0.374,0,0,529042,0
2,0,80,0.1852,0,0,781434,0
2,0,80,0.2051,0,0,838654,0
2,0,80,0.1852,0,0,1082240,0
2,0,70,0.1862,0,0,188817,0
2,0,70,0.1773,0,0,2136974,0
2,0,70,0.1551,0,0,2533145,0
2,0,70,0.1954,0,0,2835787,0
2,0,100,0.23,0,0,335177,0
2,0,100,0.2173,0,0,764081,0
2,0,100,0.2105,0,0,853625,0
2,0,100,0.1773,0,0,953888,0
2,0,100,0.1715,0,0,1046618,0
2,0,100,0.1822,0,0,1116225,0
2,0,50,0.3834,0,0,822292,0
2,0,50,0.6422,0,0,1072387,0
2,1,50,0.4779,0,0,1198171,0
2,0,70,0.3285,0,0,639361,0
2,0,70,0.2051,0,0,800963,0
2,0,70,0.3509,0,0,1038876,0
2,0,70,0.5822,0,0,1066700,0
2,0,70,0.1852,0,0,1087496,0
2,0,70,0.2432,0,0,1147869,0
2,0,70,0.2432,0,0,1261077,0
2,0,70,0.3977,0,0,1539081,0
2,0,70,0.6422,0,0,1974176,0
2,0,70,0.1954,0,0,2032058,0
2,0,70,0.2432,0,0,3096621,0
2,0,69,0.4779,0,0,4212846,0
2,0,69,0.2583,0,0,6042280,0
2,0,150,0.1852,0,0,301412,0
2,0,150,0.156,0,0,322285,0
2,0,150,0.2288,0,0,348556,0
2,0,150,0.3097,0,0,404761,0
2,0,150,0.3509,0,0,817076,0
2,0,100,0.2051,0,0,863518,0
2,0,100,0.8958,0,0,1986222,0
2,0,100,0.1852,0,0,2636449,0
2,0,100,0.2739,0,0,2665729,0
2,0,100,0.2739,0,0,2688956,0
2,0,80,1.0,0,0,447943,0
2,0,80,0.1852,0,0,629605,0
2,0,80,0.2432,0,0,789340,0
2,0,80,0.3945,0,0,880521,0
2,0,80,1.0,0,0,5331249,0
2,0,100,0.23,0,0,476876,0
2,0,100,0.2051,0,0,1804039,0
2,0,70,0.1934,0,0,127892,0
2,1,40,0.417,0,0,4082892,0
2,1,40,0.8927,0,0,4373281,0
2,1,40,0.266,0,0,4443762,0
2,1,175,0.1773,0,0,54896,0
2,1,120,0.23,0,0,866291,0
2,1,40,0.1862,0,0,2382642,0
2,1,40,0.2739,0,0,2673603,0
2,1,70,0.1954,0,0,3094414,0
2,1,40,0.215,0,0,6712,0
2,1,40,0.417,0,0,701105,0
2,1,40,0.9513,0,0,798878,0
2,1,40,0.9104,0,0,294065,0
2,0,80,0.4498,0,0,96252,0
2,1,60,0.2061,0,0,94662,0
2,1,60,0.2173,0,0,119026,0
2,1,60,0.33,0,0,289529,0
2,1,60,0.1934,0,0,949136,0
2,1,60,0.1499,0,0,1029590,0
2,1,60,0.2018,0,0,1105756,0
2,1,60,0.1773,0,0,1126672,0
2,0,80,0.99,0,0,3866538,0
2,1,40,0.2792,0,0,2371582,0
2,1,40,0.33,0,0,11066410,0
2,1,40,0.4219,0,0,11499942,0
2,1,40,0.463,0,0,11569824,0
2,1,40,0.803,0,0,12416454,0
2,0,200,0.2901,0,0,4138007,0
2,1,300,0.9998,0,0,48398,0
2,1,300,1.0,0,0,65006,0
2,1,300,0.8952,0,0,72307,0
2,1,300,0.6678,0,0,88576,0
2,1,300,0.9999,0,0,95111,0
2,1,300,0.9048,0,0,103892,0
2,1,300,0.8153,0,0,109868,0
2,1,300,0.7037,0,0,116177,0
2,1,300,0.9994,0,0,165496,0
2,1,300,0.5296,0,0,173199,0
2,1,300,0.6015,0,0,178458,0
2,1,300,0.9999,0,0,182093,0
2,1,300,0.9457,0,0,184455,0
2,1,300,0.9949,0,0,188073,0
2,1,300,0.7037,0,0,195161,0
2,1,300,0.7955,0,0,205684,0
2,1,300,0.9471,0,0,211409,0
2,1,300,0.3419,0,0,214533,0
2,1,300,0.4963,0,0,220228,0
2,1,300,0.9999,0,0,225183,0
2,1,300,0.7281,0,0,232415,0
2,1,300,0.9895,0,0,256288,0
2,1,300,0.9831,0,0,267240,0
2,1,300,1.0,0,0,337559,0
2,1,300,1.0,0,0,492514,0
2,1,300,1.0,0,0,497209,0
2,1,300,1.0,0,0,508368,0
2,1,120,0.4946,0,0,61803,0
2,1,120,0.8705,0,0,86773,0
2,1,120,0.9979,0,0,133270,0
2,1,70,0.3241,0,0,3051375,0
2,1,70,0.4763,0,0,3116210,0
2,1,70,1.0,0,0,3127441,0
2,1,70,0.266,0,0,3160372,0
2,1,70,0.5329,0,0,3225473,0
2,1,40,0.417,0,0,9737743,0
2,1,40,0.5212,0,0,9767941,0
2,1,40,1.0,0,0,9831578,0
2,0,80,0.7065,0,0,111151,0
2,1,50,0.767,0,0,3990693,0
2,1,50,0.2942,0,0,4174907,0
2,1,50,0.2984,0,0,4309441,0
2,1,70,1.0,0,0,235757,0
2,1,70,0.4796,0,0,286956,0
2,1,70,0.9236,0,0,438867,0
2,1,70,1.0,0,0,570024,0
2,1,70,0.9373,0,0,645933,0
2,1,70,0.9254,0,0,889681,0
2,1,50,0.2288,0,0,389963,0
2,1,70,0.7512,0,0,661248,0
2,1,50,1.0,0,0,116120,0
2,0,60,0.1965,0,0,1135364,0
2,0,60,0.5162,0,0,2629644,0
2,0,70,0.9718,0,0,1554711,0
2,0,70,0.9965,0,0,1606625,0
2,0,70,0.2359,0,0,1846237,0
2,0,70,1.0,0,0,3515903,0
2,0,69,0.8778,0,0,1283513,0
2,0,69,0.2007,0,0,1312943,0
2,0,143,0.2806,0,0,276547,0
2,1,180,0.3097,0,0,835980,0
2,1,40,0.3241,0,0,3746641,0
2,1,40,0.6438,0,0,3780021,0
2,1,40,0.2007,0,0,3982273,0
2,1,40,1.0,0,0,3997970,0
2,1,40,0.9172,0,0,4015601,0
2,1,40,0.257,0,0,4025551,0
2,1,40,0.33,0,0,4046506,0
2,1,40,0.4946,0,0,4061997,0
2,1,40,0.2253,0,0,503783,0
2,1,40,0.2384,0,0,585934,0
2,1,40,0.3601,0,0,638591,0
2,1,40,0.1892,0,0,660048,0
2,1,40,0.2051,0,0,893638,0
2,1,40,0.3068,0,0,1432108,0
2,1,40,0.2408,0,0,1484300,0
2,1,40,0.2051,0,0,1508691,0
2,1,40,0.1934,0,0,2601604,0
2,1,40,0.2288,0,0,2634035,0
2,0,100,0.223,0,0,1215744,0
2,0,100,0.4366,0,0,1313692,0
2,0,100,0.1322,0,0,210504,0
2,1,180,0.1706,0,0,424657,0
2,1,50,0.5822,0,0,673270,0
2,0,50,0.3601,0,0,739337,0
2,0,80,0.9998,0,0,1211332,0
2,0,80,1.0,0,0,1470973,0
2,0,150,0.8682,0,0,614880,0
2,0,150,0.9998,0,0,682028,0
2,0,80,0.5789,0,0,1388373,0
2,0,80,0.2583,0,0,238008,0
2,0,80,0.266,0,0,336137,0
2,0,80,0.266,0,0,399348,0
2,0,80,0.3241,0,0,508200,0
2,0,80,1.0,0,0,808169,0
2,0,80,1.0,0,0,843312,0
2,0,80,0.9996,0,0,864919,0
2,0,80,1.0,0,0,881709,0
2,0,80,0.9999,0,0,911696,0
2,0,80,0.9886,0,0,950080,0
2,0,80,0.9999,0,0,971696,0
2,0,80,1.0,0,0,990037,0
2,0,80,0.9999,0,0,1007200,0
2,0,80,0.9995,0,0,1030360,0
2,0,80,0.9998,0,0,1041924,0
2,0,80,0.2018,0,0,1132484,0
2,0,80,0.5951,0,0,2932024,0
2,0,100,0.2739,0,0,652754,0
2,0,100,0.7955,0,0,1715826,0
2,1,150,0.8627,0,0,1120537,0
2,1,200,0.9419,0,0,71768,0
2,1,200,0.4106,0,0,261033,0
2,1,40,0.4913,0,0,5169308,0
2,1,40,1.0,0,0,2278497,0
2,1,70,0.8705,0,0,340471,0
2,1,70,0.9999,0,0,360880,0
2,1,70,1.0,0,0,371477,0
2,1,70,0.266,0,0,385532,0
2,1,70,0.9999,0,0,397980,0
2,1,70,0.9755,0,0,406616,0
2,1,70,0.4366,0,0,422864,0
2,1,70,0.8756,0,0,430639,0
2,0,100,0.9991,0,0,2527319,0
2,1,300,1.0,0,0,123779,0
2,1,250,0.4138,0,0,220121,0
2,1,40,0.3977,0,0,3204829,0
2,0,80,1.0,0,0,1194359,0
2,0,60,0.2288,0,0,3467552,0
2,0,70,0.3329,0,0,327251,0
2,0,70,0.1954,0,0,407114,0
2,0,70,0.3359,0,0,1638648,0
2,0,70,0.2288,0,0,2817680,0
2,0,70,0.3494,0,0,2887288,0
2,0,70,0.2432,0,0,3149617,0
2,0,70,1.0,0,0,23288,0
2,0,70,0.8854,0,0,683320,0
2,0,70,0.257,0,0,756916,0
2,0,70,0.2432,0,0,833989,0
2,0,70,1.0,0,0,903537,0
2,0,70,0.215,0,0,1230580,0
2,0,70,0.2173,0,0,1252347,0
2,0,70,0.2583,0,0,1352048,0
2,0,70,0.7474,0,0,1378026,0
2,0,70,0.2288,0,0,1398598,0
2,0,70,0.2901,0,0,1430061,0
2,0,70,0.9648,0,0,1446788,0
2,0,70,0.2914,0,0,1733458,0
2,0,70,0.1773,0,0,1751958,0
2,0,70,0.6438,0,0,3881283,0
2,0,70,0.1852,0,0,3976070,0
2,0,100,0.1965,0,0,176554,0
2,0,100,0.3509,0,0,222011,0
2,0,100,0.2173,0,0,450677,0
2,0,100,0.2116,0,0,1299250,0
2,0,120,0.2739,0,0,1895154,0
2,0,80,0.215,0,0,659476,0
2,0,80,0.2173,0,0,698409,0
2,0,80,0.3241,0,0,1519328,0
2,0,80,1.0,0,0,5367324,0
2,0,70,0.1622,0,0,2016193,0
2,0,70,0.2792,0,0,2077064,0
2,1,40,0.3977,0,0,10369596,0
2,1,40,0.2583,0,0,10409376,0
2,1,40,0.1715,0,0,10440356,0
2,1,40,0.1852,0,0,10555505,0
2,1,40,0.1773,0,0,10624922,0
2,1,40,0.7659,0,0,587412,0
2,1,40,0.9987,0,0,620622,0
2,1,130,0.1753,0,0,66318,0
2,1,130,0.1441,0,0,91039,0
2,1,130,0.2288,0,0,945792,0
2,1,130,0.1965,0,0,1319063,0
2,1,130,0.8123,0,0,1395724,0
2,1,40,0.417,0,0,456228,0
2,1,40,0.8756,0,0,627768,0
2,1,185,0.1862,0,0,385913,0
2,1,175,0.2061,0,0,372724,0
2,1,70,0.6663,0,0,1731318,0
2,1,70,0.9997,0,0,2008592,0
2,1,70,0.7065,0,0,3264755,0
2,1,70,0.2288,0,0,3283148,0
2,1,40,0.2901,0,0,1436808,0
2,0,80,0.2432,0,0,573781,0
2,1,40,0.2998,0,0,844907,0
2,0,200,0.3479,0,0,341132,0
2,0,200,0.3678,0,0,396403,0
2,0,200,0.3494,0,0,3552722,0
2,0,200,0.9999,0,0,4163671,0
2,0,200,0.3977,0,0,4201928,0
2,0,200,1.0,0,0,4313950,0
2,0,200,0.8563,0,0,5015327,0
2,0,200,0.7079,0,0,5060301,0
2,0,200,0.7955,0,0,5071808,0
2,0,200,0.8479,0,0,5082496,0
2,1,70,0.5378,0,0,1689271,0
2,1,40,0.4913,0,0,1748216,0
2,0,100,0.257,0,0,2727673,0
2,0,69,1.0,0,0,1466087,0
2,0,69,0.2105,0,0,1482749,0
2,0,69,0.2173,0,0,1552116,0
2,1,70,0.8806,0,0,149538,0
2,0,100,1.0,0,0,4757479,0
2,1,40,0.8894,0,0,9670837,0
2,1,40,0.266,0,0,28527,0
2,1,200,1.0,0,0,60056,0
2,1,200,1.0,0,0,173070,0
2,1,200,1.0,0,0,185988,0
2,1,200,0.1934,0,0,259240,0
2,1,200,0.2359,0,0,272159,0
2,1,200,1.0,0,0,313092,0
2,1,200,0.2482,0,0,323844,0
2,1,200,1.0,0,0,395521,0
2,1,200,0.215,0,0,462995,0
2,1,200,1.0,0,0,506976,0
2,1,200,0.9997,0,0,39680,0
2,1,200,1.0,0,0,98042,0
2,1,200,0.3509,0,0,138169,0
2,1,200,0.9856,0,0,168407,0
2,1,220,0.4025,0,0,14524,0
2,1,220,0.9999,0,0,36092,0
2,1,220,0.95,0,0,81644,0
2,1,220,0.9902,0,0,86815,0
2,1,220,0.7174,0,0,105382,0
2,1,220,0.9981,0,0,115356,0
2,1,220,0.9999,0,0,134103,0
2,1,220,1.0,0,0,152117,0
2,1,220,1.0,0,0,186833,0
2,1,220,1.0,0,0,214705,0
2,1,220,1.0,0,0,233467,0
2,1,220,1.0,0,0,263975,0
2,1,220,1.0,0,0,310621,0
2,1,220,1.0,0,0,937709,0
2,1,70,0.2942,0,0,183725,0
2,1,70,0.5951,0,0,214065,0
2,1,140,0.5063,0,0,45270,0
2,1,40,0.8513,0,0,9708110,0
2,1,40,0.33,0,0,169603,0
2,1,40,0.6514,0,0,247445,0
2,1,40,0.5345,0,0,587778,0
2,1,40,0.3479,0,0,821437,0
2,1,40,0.4796,0,0,929571,0
2,1,40,0.6268,0,0,956972,0
2,1,40,0.3068,0,0,980597,0
2,1,40,0.4235,0,0,991553,0
2,1,40,0.5345,0,0,1003575,0
2,1,40,0.5951,0,0,1024413,0
2,1,40,0.2901,0,0,1036577,0
2,1,40,0.4009,0,0,1048964,0
2,1,40,0.5096,0,0,1059907,0
2,1,40,0.3678,0,0,1074472,0
2,1,40,0.4399,0,0,1084661,0
2,1,40,0.5296,0,0,1108621,0
2,1,40,0.3601,0,0,1122694,0
2,1,40,0.266,0,0,1132780,0
2,1,40,0.3097,0,0,1143416,0
2,1,40,0.3834,0,0,1214727,0
2,1,40,0.3601,0,0,1269420,0
2,1,40,0.3241,0,0,1302051,0
2,1,40,0.3509,0,0,1672180,0
2,0,69,0.2469,0,0,1519629,0
2,0,100,0.286,0,0,2613123,0
2,1,40,0.8749,0,0,1342944,0
2,1,40,0.7436,0,0,1438781,0
2,1,40,0.9071,0,0,1469856,0
2,1,40,0.7281,0,0,2371628,0
2,1,40,0.6079,0,0,2401744,0
2,0,300,0.9991,0,0,283101,0
2,0,300,0.1954,0,0,344819,0
2,0,100,0.8019,0,0,2574964,0
2,1,40,1.0,0,0,58567,0
2,1,40,1.0,0,0,2066548,0
2,0,70,0.2288,0,0,2312016,0
2,0,70,0.9998,0,0,2344077,0
2,0,70,0.1954,0,0,2368336,0
2,0,70,0.9998,0,0,2394841,0
2,0,70,0.3419,0,0,2473221,0
2,0,70,0.2051,0,0,2519944,0
2,0,70,0.1892,0,0,2615295,0
2,0,70,0.2173,0,0,2770166,0
2,0,70,0.2806,0,0,2797518,0
2,0,70,0.9999,0,0,2871825,0
2,0,70,0.2445,0,0,2887095,0
2,0,70,0.9848,0,0,2978904,0
2,1,130,0.965,0,0,1523381,0
2,1,175,1.0,0,0,338690,0
2,1,175,0.9312,0,0,419384,0
2,1,175,0.9913,0,0,439740,0
2,1,175,0.5708,0,0,518468,0
2,1,50,0.9838,0,0,665052,0
2,1,50,0.7411,0,0,681373,0
2,1,50,0.7079,0,0,707122,0
2,1,50,0.6839,0,0,728350,0
2,1,50,0.9947,0,0,735496,0
2,1,50,0.761,0,0,745600,0
2,1,50,0.9775,0,0,753061,0
2,1,50,0.9537,0,0,1410869,0
2,1,40,0.3787,0,0,28972,0
2,1,40,0.3787,0,0,28972,0
2,1,40,0.9999,0,0,57715,0
2,1,40,0.9312,0,0,70457,0
2,1,40,0.9806,0,0,79360,0
2,1,40,0.9932,0,0,88783,0
2,1,40,0.6268,0,0,96812,0
2,1,40,1.0,0,0,114719,0
2,1,40,0.9996,0,0,161008,0
2,1,40,0.8958,0,0,172567,0
2,1,40,0.5659,0,0,180920,0
2,1,40,0.4399,0,0,240466,0
2,1,40,0.6559,0,0,260406,0
2,1,40,0.2583,0,0,2150440,0
2,0,100,0.204,0,0,336968,0
2,0,100,0.204,0,0,9496251,0
2,0,100,1.0,0,0,9649727,0
2,0,120,0.1862,0,0,1338444,0
2,0,120,1.0,0,0,1689276,0
2,0,120,0.2583,0,0,1779008,0
2,0,120,0.1852,0,0,1802452,0
2,1,50,0.1687,0,0,1971777,0
2,0,300,0.2061,0,0,403757,0
2,0,300,0.2914,0,0,428222,0
2,0,300,0.3419,0,0,508236,0
2,0,300,0.2195,0,0,581539,0
2,0,300,0.2173,0,0,828904,0
2,0,300,0.2469,0,0,902188,0
2,0,300,0.215,0,0,938565,0
2,0,300,0.1773,0,0,945549,0
2,0,300,0.3329,0,0,960191,0
2,0,300,0.3068,0,0,975066,0
2,0,100,0.2105,0,0,1314894,0
2,0,120,0.7147,0,0,1953869,0
2,0,143,0.4946,0,0,1191636,0
2,1,60,0.1622,0,0,142256,0
2,1,175,0.3601,0,0,74495,0
2,1,40,0.681,0,0,2017425,0
2,1,40,0.1965,0,0,1465420,0
2,0,100,0.9172,0,0,1969029,0
2,0,100,0.2583,0,0,2426501,0
2,0,211,0.1965,0,0,766963,0
2,1,130,0.1892,0,0,745366,0
2,1,175,0.2359,0,0,9228,0
2,1,100,0.3068,0,0,640704,0
2,1,70,0.3601,0,0,1207379,0
2,1,40,0.9905,0,0,3971234,0
2,0,300,0.257,0,0,113753,0
2,0,300,0.2901,0,0,128172,0
2,0,300,0.3663,0,0,141291,0
2,1,200,0.2998,0,0,53568,0
2,1,200,0.1613,0,0,12799,0
2,1,200,0.1449,0,0,18324,0
2,1,200,0.1822,0,0,23012,0
2,1,200,0.3329,0,0,31146,0
2,1,200,0.1687,0,0,48235,0
2,1,200,0.2083,0,0,55671,0
2,1,200,0.1892,0,0,81220,0
2,1,200,0.2051,0,0,86285,0
2,1,200,0.1822,0,0,106169,0
2,1,200,0.1622,0,0,108596,0
2,1,200,0.8102,0,0,120090,0
2,1,100,0.3068,0,0,80480,0
2,1,100,0.3678,0,0,7003,0
2,1,100,0.2792,0,0,15755,0
2,1,100,0.7844,0,0,21104,0
2,1,100,0.4465,0,0,33416,0
2,1,100,0.4317,0,0,68259,0
2,1,100,0.3197,0,0,90910,0
2,1,100,0.2792,0,0,104337,0
2,1,100,0.4366,0,0,127346,0
2,1,100,0.4138,0,0,172773,0
2,1,100,0.6839,0,0,183293,0
2,1,100,0.5362,0,0,189105,0
2,1,100,0.3097,0,0,195003,0
2,1,100,0.3125,0,0,199985,0
2,1,100,0.3068,0,0,208092,0
2,1,100,0.4138,0,0,219220,0
2,0,70,0.1773,0,0,1248097,0
2,0,70,0.1852,0,0,1292098,0
2,0,70,0.2445,0,0,1318359,0
2,0,70,0.1862,0,0,1359864,0
2,0,70,0.1687,0,0,1399301,0
2,0,70,0.2359,0,0,1791800,0
2,0,70,0.417,0,0,1891620,0
2,0,70,0.2432,0,0,2058260,0
2,0,70,0.2432,0,0,2086458,0
2,0,70,0.1715,0,0,2133912,0
2,0,70,0.9905,0,0,2191536,0
2,0,70,0.1715,0,0,2262960,0
2,0,70,0.2018,0,0,2310852,0
2,0,70,0.1715,0,0,2339660,0
2,0,70,0.1852,0,0,2412964,0
2,0,70,0.2083,0,0,2555025,0
2,0,70,0.2018,0,0,2729960,0
2,0,70,0.3419,0,0,2794140,0
2,0,70,0.2061,0,0,2860158,0
2,0,70,0.1954,0,0,3041016,0
2,0,70,0.1923,0,0,3212692,0
2,0,70,0.2018,0,0,4025621,0
2,0,70,0.2359,0,0,4104160,0
2,0,70,0.2018,0,0,80993,0
2,0,70,0.1812,0,0,103914,0
2,0,69,0.7729,0,0,949856,0
2,0,69,0.5903,0,0,1037445,0
2,0,69,0.1954,0,0,1067022,0
2,0,69,0.3819,0,0,1094338,0
2,0,69,0.1934,0,0,1146871,0
2,0,69,0.2083,0,0,4345277,0
2,0,69,0.3068,0,0,5281659,0
2,0,150,0.2928,0,0,456531,0
2,0,150,0.1852,0,0,570234,0
2,0,150,0.4913,0,0,663138,0
2,0,150,0.5461,0,0,702237,0
2,0,143,0.1517,0,0,311416,0
2,0,143,0.6839,0,0,751892,0
2,0,143,1.0,0,0,1506506,0
2,0,100,0.2482,0,0,1477978,0
2,0,100,0.4547,0,0,2071735,0
2,0,100,0.4498,0,0,2128940,0
2,0,100,0.6015,0,0,2240409,0
2,0,100,0.9998,0,0,2084580,0
2,0,100,0.9231,0,0,2375780,0
2,0,143,0.1812,0,0,664879,0
2,0,143,0.9809,0,0,684296,0
2,0,143,0.2018,0,0,693632,0
2,0,143,0.2583,0,0,712437,0
2,0,143,0.2621,0,0,787015,0
2,0,143,0.2348,0,0,883635,0
2,0,143,0.6173,0,0,895625,0
2,1,130,0.1483,0,0,303204,0
2,1,40,0.2253,0,0,157035,0
2,1,40,0.3601,0,0,203252,0
2,1,40,0.3097,0,0,238753,0
2,1,40,0.4763,0,0,260092,0
2,1,40,0.3419,0,0,283416,0
2,1,40,0.5805,0,0,373848,0
2,1,40,0.9732,0,0,402237,0
2,1,40,0.4138,0,0,473262,0
2,1,40,0.2699,0,0,516427,0
2,1,40,0.2469,0,0,531684,0
2,1,40,0.4514,0,0,566837,0
2,1,40,0.3068,0,0,260124,0
2,1,40,0.7359,0,0,1133715,0
2,1,40,0.6268,0,0,1488866,0
2,1,40,0.7833,0,0,1538494,0
2,1,40,0.9263,0,0,1563477,0
2,1,40,0.8952,0,0,2867489,0
2,1,40,0.5951,0,0,2985008,0
2,1,40,0.9324,0,0,3063739,0
2,1,40,0.6781,0,0,3411415,0
2,1,185,0.3068,0,0,173208,0
2,1,185,0.3663,0,0,252936,0
2,1,175,0.992,0,0,33298,0
2,1,40,0.6438,0,0,197701,0
2,1,40,0.7598,0,0,244048,0
2,1,40,0.8183,0,0,266325,0
2,1,40,0.8299,0,0,276029,0
2,1,40,0.9899,0,0,289647,0
2,1,40,0.8971,0,0,301492,0
2,1,40,0.9992,0,0,315114,0
2,1,40,0.7254,0,0,325780,0
2,1,40,0.8173,0,0,340581,0
2,1,40,0.7079,0,0,386779,0
2,1,40,0.9919,0,0,422497,0
2,0,80,0.5296,0,0,87951,0
