Key_0_0,V26,V25,Key_1_2
903,-0.2913,0.8182,831
1311,-0.1756,0.7931,215
1487,-0.1228,0.6667,1200
441,-0.1568,0.8444,1372
827,-0.1992,0.9338,1632
628,-0.2267,0.8736,879
268,0.2791,0.9205,181
1508,0.1841,0.5,574
207,-0.1197,0.5,334
1352,-0.0651,0.9024,1472
480,-0.1093,0.75,1761
684,-0.1455,0.8438,316
1848,0.0086,0.7778,431
1512,-0.2978,0.85,836
787,-0.2568,0.7692,901
1143,-0.1487,0.8864,1208
1349,-0.1157,0.8657,1399
1231,-0.1543,0.8082,212
112,-0.1499,0.72,564
329,-0.0727,0.5556,162
1103,-0.1031,0.6765,1363
1372,-0.0935,0.6897,456
559,0.0192,0.5263,647
1015,-0.0479,0.7436,849
1689,0.063,0.7273,733
1197,-0.2395,0.6087,1780
1790,-0.2341,0.641,516
357,-0.1776,0.6667,478
1672,-0.1045,0.9163,1389
1494,-0.2537,0.6579,898
208,-0.1093,0.7879,1150
338,-0.2767,0.7936,1181
1100,-0.1752,0.7083,1380
1185,-0.2785,0.6429,1799
1404,-0.4588,0.629,80
1441,-0.2367,0.7209,560
1734,-0.2015,0.6923,1891
1250,-0.1046,0.8591,634
1018,-0.3522,0.7917,1706
901,-0.184,0.4783,1756
1875,-0.095,0.8148,1415
1177,-0.2701,0.6667,167
1489,-0.2252,0.5385,1501
1113,-0.2037,0.8,1152
793,-0.1403,0.6191,926
401,-0.3333,0.8163,1278
708,-0.2206,0.4615,494
1720,-0.1745,0.6471,359
1455,-0.3468,0.0,188
157,-0.1301,0.3636,705
572,-0.1154,0.4615,822
251,-0.3611,0.8333,202
4,-0.2987,0.6667,1808
895,-0.3061,0.5833,1444
1005,-0.1469,0.7353,473
693,-0.1667,0.6667,1827
923,0.0573,-0.5385,1758
892,-0.2106,0.6,884
1297,-0.1353,0.3333,1104
126,-0.1439,0.6,954
46,-0.2572,0.3,1468
1355,-0.1064,0.3636,1870
932,-0.1712,0.1818,691
1031,-0.2158,0.4167,396
1855,-0.1243,0.1818,1376
246,-0.2186,0.85,893
83,-0.2098,0.6,100
1010,-0.1775,0.5385,452
586,-0.3512,0.4286,172
332,-0.3479,0.1111,1352
1937,-0.315,0.1539,997
25,-0.2428,0.6786,923
1791,-0.16,0.6,1778
436,-0.4276,0.6667,1681
18,-0.403,0.3333,533
310,-0.213,-0.1429,1107
1543,-0.1016,0.7097,96
542,-0.0658,0.6087,570
748,-0.1132,0.9431,720
1211,-0.166,0.9096,1096
970,-0.2246,0.8434,1568
1764,-0.133,0.5294,1773
1182,-0.216,-0.125,409
598,-0.2153,0.9481,666
1772,-0.3683,0.25,1175
1857,-0.0972,0.4375,178
1408,-0.0786,0.65,76
933,-0.1765,0.625,828
1729,-0.1313,0.6944,1320
770,-0.1263,0.6154,268
555,-0.1976,0.75,974
1829,-0.3003,0.7536,786
1733,-0.2199,0.806,698
431,-0.3402,0.4091,1837
979,-0.2414,-0.2222,541
1926,-0.1541,0.5517,996
395,-0.1097,0.6923,544
1813,-0.1253,0.8372,1613
502,-0.1247,0.5789,1068
1149,-0.128,0.5,179
1533,-0.081,0.4167,245
360,-0.2213,0.5238,440
958,-0.279,0.5,246
312,-0.2146,0.8835,881
1313,-0.3686,0.7719,1174
170,-0.215,0.3333,328
1851,-0.112,0.8934,1072
1799,-0.1269,0.5357,223
463,-0.1126,0.5,785
1685,-0.2021,0.4706,488
1715,-0.1557,0.6563,732
358,-0.2262,0.6286,1509
124,-0.5528,0.6786,1781
934,-0.1527,0.7188,1488
798,-0.5816,0.9286,505
21,-0.4471,0.9,222
253,-0.4836,0.7667,565
1374,-0.223,0.7333,1582
1378,-0.1384,0.55,1035
116,-0.1956,0.8235,1594
716,-0.182,0.8571,1132
1650,-0.2359,0.6667,1588
1939,-0.2035,0.6667,1586
181,-0.2445,0.6,1711
245,-0.1485,0.7037,1521
794,-0.2034,0.8261,1504
1478,-0.1694,0.8161,74
404,-0.1841,0.625,1203
1399,-0.2456,0.8529,966
1021,-0.2475,0.7097,301
1912,-0.1851,0.7954,851
1165,-0.2261,0.7977,751
353,-0.2722,0.7593,1291
44,-0.1805,0.5313,1930
1153,-0.2033,0.6522,515
1546,-0.2424,0.9578,784
1135,-0.1015,0.7222,1768
980,-0.1702,0.6539,543
266,-0.1704,0.5217,1217
1117,-0.0666,0.7,1906
158,-0.4283,0.9607,1299
1695,-0.2325,0.9,1561
84,-0.2043,0.6452,325
1452,-0.1705,0.5556,150
1682,-0.1175,0.2857,947
1602,-0.1436,0.9552,1836
1559,-0.2746,0.7547,368
1503,-0.2292,0.6061,1397
875,-0.2035,0.8197,190
982,-0.1854,0.6129,1286
1932,-0.0575,0.7143,942
1014,-0.0481,0.4737,90
63,-0.05,0.6539,711
154,-0.0559,0.7059,1086
1522,0.004,0.8364,853
1590,0.0374,0.6667,279
1600,0.0,0.5909,112
1504,0.0073,0.5714,1123
1821,0.0072,-0.2632,283
477,-0.0748,-0.5,1182
1540,-0.1163,0.36,904
416,-0.3004,0.7857,1383
637,-0.1485,-0.0833,499
79,-0.0387,-0.1429,1269
61,-0.2431,0.8757,1454
1769,-0.1426,0.7192,1506
1766,-0.0564,0.2391,1498
1830,-0.1797,0.7636,855
22,-0.2844,0.66,427
350,-0.1268,0.6571,1066
568,-0.4918,0.45,393
1278,-0.4515,0.7143,123
1151,-0.2496,0.3846,1272
538,-0.0802,0.6667,873
926,-0.1447,0.3571,1744
1719,-0.3081,0.4412,128
1707,-0.098,0.5556,187
391,-0.1328,0.2857,1576
133,-0.0683,-0.4,601
219,-0.2228,0.1579,1934
1192,-0.3754,0.0,1922
554,-0.5411,0.1818,842
1028,-0.1109,-0.1429,729
947,-0.1535,0.7471,875
1588,-0.0496,0.1177,249
1109,-0.2424,0.2813,1093
1295,-0.2574,0.3333,448
1373,-0.0588,-0.0769,1516
1619,-0.1327,-0.4167,777
190,-0.5678,0.717,1549
1570,-0.1649,-0.4211,22
1564,-0.1599,0.0,103
636,-0.2096,0.6471,1347
10,-0.0809,0.4583,1494
1744,-0.1464,0.4,1170
1248,-0.2601,0.6812,1462
738,-0.5373,0.6296,81
1435,-0.091,0.64,569
1294,-0.222,0.0625,1310
818,-0.0291,-0.1818,1117
928,-0.1645,0.65,1375
588,-0.4202,0.8833,20
909,-0.6096,0.8431,1882
1342,-0.5644,0.7708,1367
68,-0.5274,0.6406,620
750,-0.0828,0.5467,1512
1,-0.1328,0.6546,1901
1488,-0.1285,0.7386,788
1345,-0.1561,0.6078,1381
1093,-0.3475,0.9054,1555
247,-0.5282,0.7159,1647
938,-0.113,0.6559,1929
1096,-0.1819,0.6491,1225
1563,-0.1407,0.7068,1354
1466,-0.3758,0.7661,1587
661,-0.0785,0.2439,1695
902,-0.1725,0.7647,645
1194,-0.2498,0.754,643
1601,-0.191,0.4348,1662
1390,-0.0425,0.8116,1207
1781,-0.1254,0.3529,1070
1256,-0.0115,0.1667,1764
1159,-0.2654,0.7423,1089
465,-0.213,0.5143,1729
1596,-0.0209,-0.1765,1439
1307,-0.0968,0.4091,752
1732,-0.1525,0.65,1007
971,-0.0538,0.6667,91
422,-0.1737,-0.2105,1037
706,-0.3908,0.3571,1536
1881,-0.1408,0.2857,1114
1758,-0.1296,-0.4615,1569
1291,-0.0791,0.0,1404
1856,-0.5178,-0.24,1880
1163,-0.1124,-0.4615,1649
147,-0.0298,0.7241,234
343,-0.3108,0.5714,1601
397,-0.2706,0.5,580
305,-0.154,0.6567,825
418,-0.0508,0.2941,1473
198,-0.1879,0.1818,1151
1498,-0.1646,0.2632,1350
761,-0.2127,-0.1875,913
82,-0.5902,0.625,1003
187,-0.097,0.5,1233
991,-0.1088,-0.5,532
419,-0.1664,-0.2647,163
1820,-0.2253,0.5833,1475
1179,-0.1923,0.0,493
346,-0.2241,0.2143,98
1348,-0.1247,-0.0909,1623
663,-0.2308,0.2143,1091
619,-0.296,0.7027,1199
1938,-0.1018,-0.3793,183
514,-0.1191,-0.0833,1395
1865,-0.2076,0.4091,918
1767,-0.1111,0.1905,1894
225,-0.176,0.6071,87
1814,-0.1594,0.6296,593
510,-0.455,0.8132,380
1425,-0.1325,0.0476,1614
51,-0.2935,0.4865,220
1929,-0.1408,-0.1429,1287
1823,0.0111,-0.05,421
184,-0.0944,0.0,854
879,-0.1883,0.6274,992
169,-0.1199,0.4444,48
1894,-0.0486,-0.1429,699
1704,-0.127,0.4375,387
899,-0.0702,-0.375,422
1129,-0.1106,0.1667,122
699,-0.1849,-0.2308,1497
1054,-0.1645,-0.5769,951
128,-0.0397,0.0,306
655,-0.0639,-0.2143,598
760,-0.1129,-0.5,186
1150,-0.2362,-0.0938,1369
354,-0.2356,0.35,512
1273,-0.1741,-0.7273,289
306,-0.3039,0.2308,442
1371,0.0073,-0.2667,1603
1784,-0.1688,-0.1,528
1636,-0.5185,0.4118,453
536,-0.1504,0.0,1434
1463,-0.0504,-0.7619,1133
423,-0.0418,0.0909,511
1286,-0.02,-0.3158,980
336,-0.2223,-0.2,329
1606,-0.189,0.6279,68
263,-0.219,0.3667,1739
1162,-0.218,0.1905,239
781,-0.2112,-0.0909,703
171,-0.244,0.3333,1262
55,-0.331,0.1818,755
1527,-0.2317,0.3043,15
988,-0.0654,-0.4118,513
577,-0.241,0.4815,394
634,-0.3041,0.4286,596
471,-0.3142,0.5556,1290
1350,-0.2014,0.1818,681
1511,-0.2743,0.3077,793
218,-0.1971,-0.6,710
1794,-0.0576,0.0,1523
241,-0.226,0.25,50
145,-0.2019,-0.2941,906
1519,-0.3705,0.764,107
968,-0.1906,0.5,1642
860,-0.1429,0.8671,1646
1428,-0.2788,0.4667,716
1843,-0.1397,0.6557,652
741,-0.5216,0.2353,1517
1186,-0.192,0.625,1401
1229,0.01,0.3,769
1874,-0.5217,0.1,1789
417,-0.2278,0.3636,476
1625,-0.2423,-0.4375,1675
1897,-0.2906,0.4167,14
1587,-0.2236,-0.1,1314
843,-0.1388,0.381,735
1933,-0.0777,-0.375,349
1796,-0.0985,-0.2941,1615
607,-0.2402,0.6342,1903
1473,-0.555,-0.25,1430
236,-0.188,0.7813,1201
1166,-0.2529,0.75,656
1314,-0.5227,0.1667,1285
808,-0.2651,0.3913,388
371,-0.2675,0.4615,1188
1582,-0.1903,0.6471,518
1002,-0.1125,0.4167,820
1623,-0.0178,-0.16,912
973,-0.0195,-0.25,193
24,-0.008,-0.6038,584
1462,-0.0258,-0.3684,171
1889,0.0031,-0.4038,1928
1076,0.0044,-0.2381,469
1426,0.0082,-0.6,1916
603,0.0159,-0.4694,1025
965,-0.2402,0.5769,1529
1190,-0.1014,0.7333,1301
1200,-0.1628,0.9388,288
1718,-0.0212,0.8158,765
95,-0.0722,0.9039,1694
891,-0.0976,0.5,1542
1930,-0.1031,0.3158,509
569,-0.0897,0.64,1161
1175,-0.2039,0.8968,217
790,-0.1431,0.8036,684
1026,0.4208,0.0909,1722
369,0.5237,0.2727,659
1837,0.3902,0.25,1654
351,0.46,0.2727,1333
533,0.4058,0.7288,23
1071,0.5916,-0.1,1855
309,0.4946,0.1333,1734
1526,0.5917,0.8137,1687
1036,0.5909,-0.4,484
1052,0.5613,-0.3889,639
1652,0.5799,0.0,1313
257,0.3751,0.3333,677
1105,0.4976,0.2,1639
90,0.4831,0.2727,1194
5,0.4569,0.5,917
1561,0.4504,0.3636,228
687,0.2561,0.1111,1078
1542,0.08,0.1111,1393
771,0.1704,0.2,1204
194,0.2423,0.1539,1806
754,0.1693,0.3077,169
615,0.2839,0.0,845
804,0.2905,-0.0909,231
89,0.3498,0.1111,1624
87,0.3118,0.1818,58
641,0.2907,-0.0909,1159
685,0.3146,0.25,361
1468,0.3307,0.3,1716
1077,0.3223,0.4545,1173
64,0.338,0.1111,1530
256,0.3043,0.1818,260
135,0.2964,0.0909,1449
766,0.2486,0.0833,1809
882,0.3315,0.0,1064
1696,-0.2254,0.1159,323
1639,-0.351,-0.4384,89
1927,-0.2698,0.2222,1087
1594,-0.2682,0.0,1889
1413,-0.2267,0.1177,1316
797,-0.2513,0.2857,989
1047,-0.1685,0.3158,1067
1343,-0.3117,0.6042,1378
964,-0.4119,0.2941,808
734,-0.4068,0.9917,502
1566,-0.0629,-0.0913,253
917,-0.0545,-0.0773,863
1801,-0.061,-0.0711,1183
1414,-0.0588,-0.4633,590
534,-0.0543,-0.1161,204
271,-0.0577,-0.7548,960
381,-0.0606,0.0045,1095
425,-0.0625,-0.0762,182
1181,-0.0643,-0.4297,686
1160,-0.058,0.038,1421
1169,-0.0681,0.0718,177
1712,-0.0717,-0.7406,914
1086,-0.058,0.1171,1486
60,-0.0589,0.0088,1192
452,-0.0553,0.1636,266
415,-0.0572,-0.5373,953
868,-0.0577,-0.7108,185
1397,-0.0525,0.1191,257
1496,-0.066,0.0361,1812
1477,-0.0641,0.1379,1788
433,-0.0799,-0.0374,1033
557,-0.0767,-0.0105,263
1216,-0.0747,0.085,1180
347,-0.0843,0.2064,496
550,-0.0783,0.0556,1508
1806,-0.0935,-0.1921,60
705,-0.0801,-0.7938,309
659,-0.0812,0.0461,170
258,0.0013,-0.4211,804
834,-0.0184,0.1379,1419
865,-0.0838,-0.1732,1073
1376,-0.0945,-0.1676,1205
94,-0.092,-0.0442,384
292,-0.0217,-0.1765,1416
1415,-0.0955,-0.0553,965
49,-0.1017,-0.0229,1843
1518,-0.0907,0.0168,159
1755,-0.096,-0.0857,1923
563,-0.09,-0.0517,241
1040,-0.0879,0.0794,833
375,-0.0821,0.0116,1731
955,-0.0929,0.054,1645
1237,-0.0977,-0.1329,1237
1139,-0.097,0.1238,1505
1379,-0.0197,0.3137,576
37,-0.081,-0.0449,896
1713,-0.1033,-0.2333,1308
490,-0.0885,0.0642,1103
65,-0.0886,-0.0058,1436
805,-0.0973,-0.591,444
382,-0.0962,-0.0686,1708
19,-0.0974,-0.0055,887
1044,-0.1013,-0.0058,556
855,-0.0951,-0.0058,1765
172,-0.1008,-0.0409,1725
922,-0.1052,-0.1129,1191
136,-0.0083,0.0938,1029
1127,-0.0028,0.0571,1551
1923,-0.097,-0.2135,524
1620,-0.101,-0.1038,1577
547,-0.0019,0.4906,810
1236,-0.0893,-0.0698,1631
616,-0.096,-0.1893,259
583,-0.0882,0.0357,577
1318,-0.0971,0.0898,815
71,-0.0948,0.0679,1119
823,-0.084,0.1105,1153
1048,-0.09,0.0263,655
1924,-0.0899,0.1484,1050
1483,-0.0927,0.1789,934
15,-0.0788,0.1784,803
14,-0.0924,0.0625,1685
1099,-0.0935,0.0497,935
667,-0.1019,-0.0263,1610
189,-0.0988,-0.1366,830
1849,-0.1035,-0.0261,5
1224,-0.0949,0.1131,101
141,-0.0971,-0.0133,446
1537,-0.1033,0.0506,626
1387,-0.0979,0.038,44
1147,-0.0956,0.0958,43
475,-0.0903,0.0952,441
213,-0.1047,-0.0331,284
165,-0.1271,0.1065,39
1909,-0.096,0.0818,1327
866,-0.1063,-0.0588,155
1500,-0.1028,0.0833,160
1069,-0.1058,0.1611,1831
606,-0.1003,0.0803,459
1019,-0.0993,0.0714,1735
854,-0.1031,0.0988,211
1009,-0.0952,0.0255,495
161,-0.0986,0.0377,7
1064,-0.1059,0.1294,668
1416,-0.0976,0.1875,938
1240,-0.0997,0.1278,458
167,-0.0933,0.0629,1034
367,-0.0966,-0.039,1261
424,-0.0944,-0.0633,383
1642,-0.1035,-0.4489,1753
1173,-0.1041,0.0464,683
809,-0.0983,-0.0592,929
1234,-0.1077,0.0659,273
1381,-0.1098,0.1163,175
939,-0.1059,0.0424,1001
1429,-0.1072,0.1151,337
704,-0.0943,0.0465,1871
1901,-0.1077,0.1091,149
0,-0.1761,-0.5161,581
635,-0.1781,-0.6622,57
681,-0.1071,0.0516,1377
1332,-0.0944,0.0602,952
595,-0.1743,-0.6242,1751
1433,-0.1757,-0.6387,933
1576,-0.1099,0.0606,1696
1753,-0.1634,-0.5,1277
1899,-0.1675,-0.517,621
384,-0.1067,0.0573,837
113,-0.0988,0.1,1212
476,-0.1034,-0.0449,696
1868,-0.1068,0.1228,1560
1394,-0.103,0.0256,1892
379,-0.0013,-0.1026,1854
140,-0.1708,-0.6392,1537
1392,-0.1057,0.0602,708
322,-0.1609,-0.5,1939
1928,-0.9989,-0.6319,455
767,-0.1713,-0.6429,161
948,-0.1059,0.007,1779
1078,-0.1774,-0.5986,1715
1628,-0.1562,-0.4214,1447
1499,0.0029,0.1143,402
1152,-0.0102,0.2178,1345
1351,-0.169,-0.3529,1242
361,-0.1144,0.0946,1707
1859,-0.1309,0.142,157
1032,-0.1606,-0.5073,310
1227,-0.1427,-0.4257,1304
1292,-0.2094,-0.6601,1609
102,-0.1848,-0.4867,1179
1785,-0.1785,-0.5664,1402
941,-0.034,-0.5128,1346
1395,-0.0416,-0.3214,1477
647,-0.1893,-0.6288,1412
807,-0.1857,-0.6667,633
56,-0.1873,-0.6549,1861
1818,-0.188,-0.6364,443
1366,-0.0092,0.4727,1366
376,-0.1853,-0.5496,400
222,-0.0307,-0.6364,146
1740,-0.1819,-0.5909,344
1013,-0.1749,-0.6479,1527
1507,-0.1806,-0.6667,1248
211,-0.1938,-0.6116,1774
632,-0.1864,-0.6048,490
1438,-0.1879,-0.627,416
1686,-0.1924,-0.6222,603
949,-0.1893,-0.6148,1769
864,-0.192,-0.6713,1776
1293,-0.1866,-0.5983,1520
506,-0.1916,-0.6116,1297
1916,-0.1948,-0.605,42
80,-0.1923,-0.6466,1483
556,-0.1909,-0.6489,413
103,-0.1872,-0.6573,1425
228,-0.1865,-0.6165,1784
1694,-0.1903,-0.6279,1655
959,-0.1883,-0.6667,1884
196,-0.1904,-0.6312,486
1841,-0.1885,-0.6471,85
1328,-0.1843,-0.637,1010
1191,-0.1925,-0.586,1760
1846,-0.1834,-0.586,1215
835,-0.1833,-0.5163,1724
1362,-0.1874,-0.4832,1912
320,-0.0436,-0.5789,852
1708,-0.1864,-0.6,1081
1246,-0.1891,-0.604,1481
134,-0.1877,-0.6299,723
1056,-0.0448,-0.6667,1702
1514,-0.0473,-0.6216,144
1714,-0.19,-0.6154,886
200,-0.1901,-0.6,1502
898,-0.1895,-0.5987,313
1501,-0.1887,-0.6026,1606
1189,-0.1865,-0.6026,550
85,-0.189,-0.586,1336
544,-0.1902,-0.6242,510
6,-0.1961,-0.5613,116
731,-0.1911,-0.6194,1303
294,-0.1925,-0.5924,1699
1451,-0.1855,-0.5649,386
1456,-0.193,-0.6087,1821
73,-0.0222,0.0843,56
1203,-0.1924,-0.5686,1802
1208,-0.0292,0.1169,721
96,-0.1957,-0.6026,1813
1220,-0.0193,0.1184,1490
618,-0.0206,0.026,614
316,-0.2309,-0.6149,1112
842,-0.19,-0.6115,761
1063,-0.0231,0.0595,903
742,-0.1902,-0.6185,1665
785,-0.1937,-0.6069,322
1838,-0.1944,-0.6,72
1655,-0.1854,-0.6272,1052
1459,-0.195,-0.5965,672
486,-0.1942,-0.6215,750
1418,-0.1929,-0.6235,154
267,-0.1955,-0.6145,360
872,-0.1923,-0.6082,928
1783,-0.1827,-0.5833,1786
1075,-0.1953,-0.6229,1661
1908,-0.0292,-0.025,757
101,-0.1933,-0.6171,1558
1443,-0.1875,-0.625,900
42,-0.192,-0.6243,1374
1195,-0.2044,-0.6082,1408
368,-0.187,-0.6136,465
1710,-0.1939,-0.6,525
553,-0.1913,-0.6412,600
1747,-0.1924,-0.6279,1057
801,-0.1916,-0.6457,817
1921,-0.1933,-0.5363,595
1132,-0.1838,-0.6114,1413
1228,-0.1921,-0.6033,1432
356,-0.1917,-0.6215,1193
483,-0.1906,-0.618,987
729,-0.1881,-0.6069,1783
1869,-0.0039,-0.5,397
270,-0.2,-0.6127,549
858,-0.189,-0.6257,1845
485,-0.1925,-0.6114,806
1161,-0.1969,-0.5896,318
1703,-0.1956,-0.6012,1611
1280,-0.1981,-0.5112,1221
1305,-0.1926,-0.6185,1450
467,-0.1901,-0.6222,1240
1934,-0.1887,-0.6354,230
656,-0.1975,-0.5833,1720
1896,-0.0243,-0.25,127
1775,-0.1902,-0.5906,1839
1059,-0.1939,-0.65,1659
148,-0.1943,-0.6158,1137
856,-0.1919,-0.6114,1651
1098,-0.1865,-0.6316,608
777,-0.1837,-0.6271,330
123,-0.1888,-0.6136,1535
287,-0.1853,-0.6082,1570
201,-0.1996,-0.5714,1049
91,-0.1908,-0.5714,638
1735,-0.1858,-0.6384,959
657,-0.024,-0.1064,798
1029,-0.1855,-0.6229,1511
244,-0.1867,-0.6059,398
1041,-0.1848,-0.5765,165
1055,-0.1863,-0.5954,1263
1375,-0.1808,-0.6286,189
521,-0.1861,-0.6045,763
784,-0.1834,-0.6421,995
1805,-0.1906,-0.657,1701
591,-0.1935,-0.6215,882
1676,-0.0234,-0.5,1443
571,-0.1855,-0.6158,1898
682,-0.1908,-0.6667,1275
692,-0.1876,-0.6047,921
1213,-0.1861,-0.6229,1155
1573,-0.1851,-0.6069,1818
1288,-0.1856,-0.578,722
11,-0.1911,-0.6243,447
325,-0.1904,-0.6348,969
1326,-0.1821,-0.6011,62
348,-0.1823,-0.6163,1579
1469,-0.1926,-0.6012,1819
1356,-0.0259,0.2907,619
1221,-0.197,-0.5843,436
1482,-0.1871,-0.6057,391
491,-0.1744,-0.6337,296
178,-0.1884,-0.6441,545
1116,-0.1827,-0.6257,115
206,-0.1694,-0.6491,1061
1752,-0.1865,-0.6154,1825
335,-0.1852,-0.6416,1039
334,-0.1797,-0.6369,1185
72,-0.0332,0.0645,1777
231,-0.1818,-0.6215,261
658,-0.1909,-0.5932,482
1262,-0.1847,-0.6497,704
743,-0.1879,-0.6514,521
911,-0.1874,-0.6127,867
1832,-0.1799,-0.5349,1136
1339,-0.1858,-0.6171,1349
1575,-0.0522,-0.5152,730
885,-0.1797,-0.6185,16
429,-0.1852,-0.6069,1628
1919,-0.1871,-0.661,748
604,-0.0481,-0.5882,1668
1337,-0.1877,-0.6057,1489
212,-0.186,-0.6215,1042
1795,-0.1895,-0.5876,883
1538,-0.1794,-0.5805,412
1380,-0.1969,-0.6286,420
1547,-0.1809,-0.6301,561
1763,-0.179,-0.6171,466
330,-0.1861,-0.6,1524
689,-0.0481,-0.48,147
832,-0.1805,-0.6057,173
447,-0.1851,-0.6136,823
580,-0.1736,-0.5872,227
1207,-0.179,-0.6222,1714
1187,-0.1746,-0.6118,468
795,-0.1739,-0.6627,1857
1898,-0.175,-0.6548,579
377,-0.1751,-0.655,905
1008,-0.1773,-0.6331,1885
581,-0.1704,-0.6131,1023
763,-0.17,-0.6242,850
1515,-0.1762,-0.6176,864
1403,-0.1655,-0.6,66
146,-0.159,-0.5645,1300
921,-0.1575,-0.6726,1876
1680,-0.1557,-0.6159,1881
1101,-0.1558,-0.5846,382
992,-0.1496,-0.6047,428
180,-0.1497,-0.6172,26
676,-0.1556,-0.5882,1719
406,-0.1563,-0.6159,1344
1421,-0.1415,-0.5827,198
791,-0.148,-0.6842,679
765,-0.147,-0.5806,70
562,-0.1535,-0.6357,1398
889,-0.2148,-0.8409,1390
1802,-0.224,-0.3973,1109
602,-0.2224,-0.442,1358
1604,-0.1353,-0.506,838
1702,-0.1053,-0.8194,17
446,-0.4221,-0.6403,1660
1531,-0.3807,-0.569,125
209,-0.3797,-0.5714,252
1081,-0.3703,-0.616,697
1862,-0.3105,0.0727,589
1876,-0.3702,-0.595,629
1212,-0.1902,-0.0813,676
1717,-0.162,0.0993,1887
434,-0.1463,0.1439,1250
697,-0.0786,0.815,578
1610,-0.1058,-0.3333,1759
1727,-0.0576,-0.72,408
625,0.0195,-0.4286,1749
197,-0.108,0.3077,1848
192,0.0338,-0.5,628
203,0.0322,-0.2,783
138,-0.013,-0.5,297
1618,0.0007,0.0,627
311,0.0176,0.3333,1222
1555,0.0046,0.0,700
683,-0.0052,0.0,1018
1156,-0.0208,-0.2,742
1709,0.0089,-0.6667,910
23,0.0033,-0.5,773
1591,0.0016,-0.5714,1392
1265,0.0019,-0.5,483
1880,-0.1461,0.0,1868
437,-0.0176,-0.5,423
278,0.0319,-0.2,1763
758,-0.0071,-0.4,982
291,0.0023,0.0,1105
1364,-0.2073,-0.3333,1074
1688,-0.1309,0.0,351
1844,-0.0773,-0.4,1833
702,-0.0645,0.25,1580
1244,-0.0723,-0.25,1563
54,-0.0807,-0.25,1140
816,-0.0651,0.0,1219
1495,0.0091,-0.6667,1141
1506,-0.0367,0.0,961
1579,0.0356,-0.5,180
1792,0.0032,-0.4286,1598
337,-0.0022,-0.4545,1054
978,-0.0029,-0.4286,802
1529,-0.1144,-0.4,899
1341,-0.0068,-0.3333,878
837,0.0065,-0.4286,226
457,0.0078,-0.375,433
1617,0.0006,-0.5,1733
703,0.0061,-0.4286,254
728,0.0418,-0.1667,1863
574,-0.0137,-0.2,789
1309,0.0175,-0.2,631
317,0.0103,0.0,1782
1716,-0.0087,-0.2,1000
1183,0.0347,0.0,790
1354,-0.0104,-0.1667,121
543,0.0287,-0.3333,303
1222,0.0101,0.0,642
1780,-0.0395,-0.2857,826
1024,-0.0283,0.1667,971
1593,0.0085,-0.5714,1787
539,-0.0112,-0.2,1650
631,-0.0229,-0.1667,824
1253,-0.0161,-0.1667,1403
324,-0.0205,-0.5,728
1235,-0.0225,-0.1667,321
345,0.0391,-0.6,1608
243,-0.0341,-0.3333,2
1648,-0.0425,-0.4286,779
1458,0.0616,-0.1429,782
1649,-0.0369,-0.375,251
164,0.0068,-0.4286,1134
1070,-0.001,-0.2,759
1931,-0.0041,-0.3333,1730
1626,-0.0049,-0.1667,1082
488,-0.0019,-0.4,377
857,0.0039,0.0,1160
1066,0.031,-0.125,376
355,-0.0333,-0.6,373
717,0.0294,-0.2857,682
1751,-0.0098,-0.2,586
77,0.0137,-0.1667,267
940,-0.2476,0.5484,1075
1697,-0.1703,0.7368,1144
99,-0.2081,0.8361,1405
695,-0.1941,0.7692,1747
1410,-0.1897,0.8642,1032
522,-0.0822,0.7162,13
1097,-0.177,0.937,1531
896,-0.0884,0.8333,731
323,-0.0651,0.72,1469
1331,-0.0759,0.8,124
1146,-0.0592,0.8158,962
769,-0.063,0.8913,1294
115,-0.0851,0.8667,1118
1329,-0.0709,0.8214,1305
1110,-0.0731,0.7222,809
622,-0.0862,0.6667,744
1061,-0.0313,0.7931,661
1196,-0.0052,0.7,1514
1850,-0.074,0.6667,1607
679,0.0038,-0.7778,1177
1738,-0.006,-0.5625,939
881,-0.0021,-0.7143,1864
1486,-0.0038,-0.8518,1099
1045,-0.0035,-0.8,1636
930,-0.0022,-0.7727,434
1079,0.0075,-0.3077,670
1090,-0.2728,0.8487,1844
517,0.14,0.4706,984
478,-0.1451,0.8065,1156
132,-0.1304,0.8864,623
451,-0.1212,0.8932,151
1552,-0.1147,0.8947,1162
1267,-0.1428,0.9267,216
408,-0.0247,0.8806,1574
1807,-0.1232,0.8972,1634
125,-0.0101,0.8522,1902
81,-0.105,0.82,1094
1205,-0.1205,0.8942,378
1599,-0.1046,0.8764,153
1296,-0.1161,0.8889,1712
260,-0.1651,0.9264,1028
1184,-0.13,0.9018,637
1383,-0.0254,0.9137,1142
1904,-0.1386,0.8817,819
918,-0.168,0.9241,1445
1180,-0.1492,0.9,1465
1613,-0.103,0.7692,1575
1890,-0.1001,0.6818,1463
800,-0.0869,0.7143,342
313,-0.1009,0.5333,1260
204,-0.0907,0.6667,131
713,-0.084,0.7143,1235
1475,-0.082,0.4286,1571
1654,-0.0844,0.7,1669
223,-0.0999,0.3333,1341
1484,-0.1253,0.0833,135
259,-0.1549,-0.2083,88
1382,-0.1362,0.3636,1330
1252,-0.1738,0.6667,1499
299,-0.0572,0.0833,594
214,-0.0894,0.48,1653
363,-0.1889,0.0714,568
428,-0.1644,0.5862,712
997,-0.2421,0.55,991
1427,-0.2166,0.7609,1869
1115,-0.172,0.6897,1890
1232,-0.1264,-0.5909,675
1684,-0.109,0.8108,399
1657,-0.1458,0.3125,776
1471,-0.1946,0.25,922
1638,-0.1435,0.3182,152
519,-0.1625,0.1429,1619
1168,-0.1803,-0.8049,1874
1630,-0.1315,0.3158,504
677,-0.0524,-0.2222,78
1330,-0.1212,-0.6296,1493
1777,-0.1567,0.35,690
1074,-0.1524,0.36,1411
191,-0.0579,-0.125,472
1774,-0.1426,0.1333,554
1460,-0.1648,0.2,136
97,-0.1626,0.6316,1688
327,-0.1836,-0.25,117
1645,-0.1124,-0.125,1911
877,-0.0935,0.1111,1
1106,-0.083,0.125,1163
1607,-0.1998,-0.25,1428
362,-0.1102,0.0,432
449,-0.1151,-0.1111,1282
513,-0.2446,0.125,365
1346,-0.141,-0.1,1909
1833,-0.0557,0.0,132
722,-0.258,0.0,1554
1935,-0.2015,-0.1333,1545
469,-0.294,0.1818,1227
996,-0.1259,0.3571,1323
119,-0.1698,0.1177,1334
649,-0.2135,-0.1539,438
1083,-0.2455,0.0,1306
1361,-0.19,0.1,616
1809,-0.1211,0.7,1846
1095,-0.1191,0.0,275
1299,-0.1307,0.0909,607
474,-0.1323,-0.2308,1121
35,-0.1135,-0.1111,319
1641,-0.3382,0.3,688
1448,-0.1522,0.4545,648
1411,-0.2189,0.5,702
226,-0.1742,0.4091,317
1126,-0.1213,0.0,1507
924,-0.2112,-0.0435,1147
688,-0.2114,0.5,1092
163,-0.1225,0.2,955
48,-0.2774,0.1667,1775
575,-0.1445,0.0909,734
453,-0.0989,0.4167,94
1615,-0.2663,0.1515,1522
283,-0.1078,-0.0909,1168
273,-0.1624,0.1111,780
1627,-0.2712,-0.1944,320
1312,-0.1455,0.2857,174
994,-0.1112,0.2727,1053
75,-0.2395,-0.0769,685
799,-0.1098,-0.4667,46
869,-0.1719,0.5238,1913
1571,-0.1288,0.4667,1012
1586,-0.1582,0.2941,1309
342,-0.2244,0.4286,715
1243,-0.2567,0.3571,280
608,-0.1279,0.3158,1090
605,-0.1426,-0.48,405
1398,-0.2601,0.4286,946
1084,-0.2069,-0.1,1487
86,-0.1562,-0.0833,375
1210,-0.1113,-0.1667,531
1440,-0.1363,0.0,925
952,-0.1293,0.1,237
1445,-0.3277,0.0952,669
880,-0.5971,0.1,816
998,-0.3754,0.1667,9
937,-0.566,0.25,1534
12,-0.3109,0.7419,1459
1864,-0.2997,0.7473,1422
364,-0.2442,0.1818,1385
1119,-0.1198,0.1,293
1409,-0.2713,0.4231,1741
504,-0.1229,-0.2727,943
1204,-0.1279,-0.1111,1718
905,-0.1158,0.0,1791
205,-0.1927,0.2,548
1568,-0.1244,0.0,1271
1670,-0.196,-0.0909,1264
1556,-0.0256,0.0,988
1085,-0.1387,0.2857,894
1283,-0.2816,0.0435,646
764,-0.1196,0.1818,120
609,-0.1115,0.3889,615
1776,-0.0236,0.7619,437
45,-0.0797,-0.7108,1785
199,-0.1262,0.1111,1431
1257,-0.0795,0.7857,860
1675,-0.0662,0.3,3
359,-0.0916,0.3571,931
660,-0.1372,0.6429,1216
954,-0.1099,0.4286,1683
1910,-0.0604,0.5625,1441
1572,-0.1014,0.7931,1738
1030,-0.0547,0.1818,218
315,-0.1829,-0.1111,1697
650,-0.1158,0.3333,206
530,-0.081,0.1818,364
9,-0.1317,0.2857,1254
374,-0.078,0.0833,111
1485,0.0515,-0.2,1519
730,0.0048,-0.2273,591
651,0.093,-0.3,993
1635,-0.2625,0.6667,866
1798,-0.2521,0.3478,82
1171,-0.1054,0.3571,1896
528,-0.1184,0.6667,1557
304,-0.1187,0.2308,114
1467,-0.1561,-0.4706,1546
1060,0.0005,-0.3889,294
1883,0.0465,-0.5263,737
852,-0.0005,-0.4615,418
1439,0.0574,-0.7826,1888
1705,-0.1147,0.1111,640
1037,-0.1301,0.4,667
961,0.0313,0.1429,572
430,-0.0569,0.5217,105
318,-0.2946,-0.1111,1241
487,-0.2938,-0.0909,192
630,-0.1677,-0.1111,1771
295,0.031,-0.4,585
946,-0.1415,0.7954,51
1167,-0.1262,0.3077,1703
1405,-0.1851,0.6429,1184
1761,-0.154,0.4545,300
626,-0.1636,0.0,1418
109,-0.3194,0.1923,1548
1553,-0.1647,0.0,1895
573,-0.0684,0.4706,1270
1826,-0.1681,0.1429,79
1401,-0.1463,0.1,1717
1913,-0.2288,0.2727,1700
935,-0.214,0.0667,367
427,-0.2627,0.3478,1556
720,-0.1903,0.0909,256
560,-0.1176,0.1539,563
137,-0.109,0.1875,1797
1042,-0.3624,0.6,435
945,-0.321,0.2632,680
1779,-0.2099,0.3077,1921
1560,-0.1069,0.5,1362
1268,-0.2065,0.0,327
1134,-0.1958,0.4,1826
1317,-0.11,0.0,221
1102,-0.1593,-0.1923,1036
1810,-0.1091,0.1667,915
999,-0.1015,-0.4667,949
878,-0.1033,0.3636,835
1370,-0.0679,0.4118,1379
92,-0.0839,-0.1111,573
1080,-0.4053,0.4,1045
1827,-0.3013,-0.75,630
1423,-0.2052,0.2143,858
680,0.0075,0.3333,609
548,-0.0625,-0.2667,285
1062,-0.1852,-0.125,1211
272,-0.0791,0.25,1355
1871,-0.0881,0.0,129
1585,-0.1903,-0.2222,658
508,-0.0961,0.5625,1071
1073,-0.1706,0.0,1130
1279,-0.1144,0.0833,450
230,-0.1711,0.0,1793
43,-0.168,0.2778,1387
1692,-0.1762,0.1111,333
1711,-0.1229,-0.0909,1664
468,-0.1742,0.0,1386
518,-0.2614,-0.0769,426
623,-0.1123,0.1111,1640
1808,-0.1194,-0.0909,1157
106,-0.112,0.0,1279
1786,-0.071,0.1539,168
990,-0.1589,0.0714,1187
107,-0.1561,-0.2727,527
412,-0.1053,-0.3636,343
1701,-0.1582,0.0,897
1629,-0.1041,-0.2,339
1012,-0.4375,0.1892,1438
17,-0.1161,0.3846,1329
202,-0.1336,0.0,1630
974,-0.093,-0.0833,1602
1679,-0.0054,0.25,302
1852,0.0979,-0.5294,1924
392,0.1207,0.0909,1302
639,-0.1995,-0.1111,602
229,-0.1677,-0.1667,47
673,-0.1753,0.4444,1572
1303,-0.1442,0.0,1832
1321,-0.1494,-0.0833,738
1902,-0.1807,0.1,479
492,-0.0617,0.0,916
1304,-0.1439,0.1667,1657
643,-0.0965,-0.1429,61
752,-0.213,0.3529,370
1068,-0.0729,0.5333,1667
1285,-0.1809,0.1429,233
1757,-0.1326,-0.0909,1283
152,-0.1453,0.75,507
39,-0.2217,0.4259,1565
735,-0.153,0.5376,25
670,-0.1422,0.2778,671
495,-0.1563,0.3,551
1647,-0.011,0.2381,282
848,-0.1382,0.1,203
747,0.0192,0.7209,1058
1136,-0.087,0.5714,1873
589,-0.1078,0.25,1762
1472,-0.1652,-0.0833,292
1513,-0.1919,0.0,1009
1424,-0.0745,0.4,1918
723,-0.112,0.44,839
1574,-0.1538,0.549,1772
967,-0.1875,0.5439,1641
121,-0.1629,0.4681,1373
1049,-0.0768,-0.9319,1795
1446,-0.0862,0.0,1022
1521,-0.2738,0.4286,350
627,-0.2125,0.3,28
1866,-0.2,0.0,200
1385,-0.1187,0.6,902
1683,-0.0628,0.4483,460
1004,-0.0263,0.5294,1284
1554,-0.1055,0.7143,718
1608,-0.0294,-0.2308,1599
540,-0.038,0.4167,352
893,-0.0818,0.7436,1908
700,0.0353,-0.803,957
1325,0.0047,-0.6786,1359
1917,0.0325,-0.4167,191
813,0.0016,-0.4643,102
221,-0.0012,-0.4545,1690
570,0.0021,-0.6,1396
740,-0.0008,-0.6512,1083
987,0.0043,-0.5385,332
811,-0.1384,-0.1539,919
220,-0.2063,0.45,77
290,0.0014,0.1579,736
1644,-0.2346,0.7333,1851
1863,-0.2321,0.6452,622
986,-0.1892,0.45,304
774,-0.1162,0.2941,978
1272,-0.0358,0.0556,1189
1430,-0.1262,0.2593,41
498,-0.106,0.2222,1804
250,-0.1248,0.0,1914
127,-0.1162,-0.1905,335
1277,-0.1027,0.0,1247
380,-0.1436,0.4211,714
144,-0.1801,-0.375,559
721,-0.1826,0.3235,764
500,-0.175,0.2828,706
1493,-0.1984,0.4091,888
1905,-0.122,0.2143,1464
541,-0.2159,0.4,247
1730,-0.1551,0.7115,1875
1057,-0.1788,0.25,1097
739,-0.2418,0.1177,1339
840,-0.1312,-0.0667,425
410,-0.0774,-0.303,403
1254,-0.1631,0.2857,341
516,-0.2826,-0.0833,498
931,-0.343,0.15,195
759,-0.2518,0.0769,487
1854,-0.2279,-0.0588,1014
1025,0.0445,-0.1395,1293
1340,-0.1964,-0.3913,687
753,0.0128,0.0,1060
1678,-0.157,0.3696,1230
757,0.0166,-0.3333,430
1895,0.0188,0.2917,95
302,-0.1203,-0.5417,625
1674,-0.1405,-0.1707,547
582,0.034,0.4915,209
47,-0.1339,0.3273,1746
629,-0.2465,-0.1563,311
282,-0.1139,-0.0345,522
1453,-0.0861,-0.1667,719
633,0.0328,0.25,1479
645,-0.2056,0.2,1822
1422,-0.1811,-0.3333,371
671,-0.1094,0.05,890
413,-0.2359,-0.0833,1213
733,-0.2203,0.0625,791
888,-0.215,-0.1429,1883
1164,-0.1822,0.2,612
442,-0.1127,0.0833,618
227,-0.1986,-0.2,1457
640,-0.1791,-0.2143,1770
240,-0.1555,-0.1539,463
1407,-0.1733,0.0,1811
566,-0.2145,-0.1429,1251
1634,-0.1724,0.0,1798
448,-0.1928,-0.1539,1496
718,-0.1832,0.1333,134
1447,-0.0698,0.4688,927
1419,-0.2471,0.1429,1767
1454,-0.282,0.2174,6
232,-0.2268,0.7188,225
929,-0.1797,0.0,1926
175,-0.3027,0.1,1543
67,-0.2257,0.1429,1453
252,-0.3128,-0.1429,644
286,-0.2745,0.1852,1455
1027,-0.0968,-0.2813,1644
1158,-0.093,0.55,1740
1233,-0.056,0.4667,12
1847,-0.0416,0.5294,1616
1347,-0.1921,-0.1539,1165
829,-0.1263,0.5714,32
549,-0.0981,0.5789,1814
1884,-0.0833,0.2,1484
1022,-0.0786,0.5333,141
20,-0.1705,0.0,345
1176,-0.1981,-0.4545,35
341,-0.2432,0.0556,1252
1900,-0.004,-0.7895,1026
567,-0.0124,-0.3793,140
565,-0.1805,-0.4091,506
120,-0.011,-0.6207,693
1389,-0.0125,-0.8065,1125
1885,-0.2019,-0.0769,1803
727,-0.2409,-0.2609,1920
366,-0.248,-0.2727,142
1214,-0.2109,-0.2353,778
1431,-0.2663,-0.2857,356
884,-0.2492,-0.1667,1423
104,-0.2599,-0.4444,1249
1335,-0.1825,0.2857,941
129,-0.2495,-0.0526,1866
1800,-0.2394,-0.1304,908
762,-0.2348,-0.3333,741
300,-0.256,-0.3,1288
867,-0.2409,-0.125,1139
472,-0.2171,-0.3333,1178
662,-0.2623,-0.2,979
1548,-0.2661,-0.4286,725
98,-0.2415,-0.1154,1635
27,-0.2489,0.5556,1932
1128,-0.1004,-0.3939,224
853,-0.2387,-0.1905,1259
1668,-0.1038,0.1579,65
969,-0.065,-0.4737,1878
611,-0.0891,0.1,1326
1748,-0.0989,0.0909,1470
863,-0.2067,-0.1667,194
1530,-0.0978,-0.28,290
1557,-0.2079,-0.5238,1626
1089,-0.0778,-0.6,537
725,-0.1261,-0.2424,240
846,-0.1125,0.4848,1220
481,-0.0825,-0.803,415
1853,-0.0895,0.2692,768
265,-0.0995,-0.2778,760
1577,-0.0633,-0.4815,1578
850,-0.0489,0.2143,749
1872,-0.125,0.2647,1704
262,-0.1282,0.2917,739
151,-0.1523,0.3571,1559
1845,-0.165,0.0454,857
1778,-0.0842,0.0,1231
1358,-0.0965,0.45,538
1888,-0.1403,0.25,1228
1739,-0.0881,-0.0667,299
1217,-0.1044,0.0769,1742
1261,-0.0978,-0.1875,18
1539,-0.1064,0.0625,1595
383,-0.1624,0.3182,480
162,-0.1093,-0.0313,1307
444,-0.1984,-0.1667,727
1082,-0.0536,0.7188,1597
285,0.0034,0.6429,990
1706,-0.3205,0.0,1686
1323,-0.2837,0.3889,1146
773,-0.2947,0.6087,1692
1597,-0.319,0.3929,1652
1759,-0.3025,0.2,832
114,-0.2796,0.4074,799
1656,-0.4119,0.0952,1076
1310,-0.3339,0.2,1046
74,-0.2728,0.4878,210
1725,-0.1228,0.5454,1111
1420,-0.1029,0.6071,1236
1700,-0.1512,-0.3182,1458
819,-0.2605,0.2222,1830
402,-0.1063,0.25,55
108,-0.1515,0.9151,787
942,-0.059,0.8615,1938
597,-0.0622,0.8087,1816
1249,-0.1963,0.9179,1021
1867,-0.2233,0.5862,517
862,-0.2,0.6486,1705
696,-0.049,-0.2,695
874,-0.18,-0.6568,143
1580,-0.1891,-0.614,650
1817,-0.393,0.3846,1446
1614,-0.5063,0.6539,1234
501,-0.3868,0.5263,1805
1038,-0.4168,0.7619,1638
349,-0.3864,0.3889,110
1011,-0.121,0.75,800
1301,-0.1688,0.4667,1796
288,-0.12,0.7885,1927
936,-0.1231,0.7419,1335
174,-0.0587,0.6522,930
1673,-0.1153,0.36,1232
1621,-0.1581,0.9069,1673
281,0.0903,0.6905,1368
1434,-0.0242,0.8682,1424
887,-0.2656,0.55,1622
1754,-0.1258,0.5714,1257
168,-0.0851,0.5454,295
188,-0.189,0.3529,892
1551,-0.2021,0.3684,1108
772,-0.0852,0.5263,381
1789,-0.1019,0.7419,963
1142,-0.0615,0.5417,467
1023,-0.1023,0.7568,1478
841,-0.0921,0.7241,1041
1492,-0.1226,0.625,1420
993,-0.1243,0.4762,1612
454,0.0272,0.8461,1461
1653,-0.1029,0.6923,653
1308,-0.1162,0.7714,1849
3,-0.079,0.6364,597
122,-0.0593,0.5294,709
587,-0.2007,0.2727,1115
1660,-0.2991,0.8667,1169
182,-0.2301,0.6522,232
1746,-0.2665,0.8182,126
1315,-0.3298,0.9419,281
512,-0.1349,0.68,1342
373,-0.1951,0.84,1448
1124,-0.0139,0.1765,1828
1251,-0.0156,0.48,305
1903,0.0087,0.4545,1466
176,-0.0099,0.5833,1710
1797,0.0063,0.5806,1539
1437,0.0161,-0.4091,1016
1298,0.0182,0.6765,1513
907,-0.187,0.6539,1015
1595,0.0058,0.3333,1935
494,0.0298,0.0667,869
1017,-0.0302,0.0526,1047
653,0.0626,0.6809,940
484,-0.0221,0.4615,108
1050,-0.0019,0.5806,1752
1206,-0.0195,-0.1429,1195
950,-0.0842,0.4737,1437
1259,-0.0457,0.6333,118
298,-0.0836,0.7143,795
297,-0.2476,0.4839,530
825,-0.0548,0.6667,92
1223,-0.2085,0.8044,27
1402,-0.0585,0.2759,429
1698,-0.1769,0.6389,841
1911,-0.074,0.6458,1414
458,-0.0916,0.4828,907
1520,-0.1159,0.3636,1905
1001,-0.1301,0.1429,844
1892,-0.1424,0.3333,8
1145,-0.2633,0.6364,1573
242,-0.2031,0.2,1417
894,-0.2295,0.3333,1790
489,-0.1962,0.5714,859
1154,-0.1524,0.6087,936
1690,-0.4422,0.4286,45
836,-0.1435,-0.9509,1268
1879,-0.0202,-0.7895,106
215,-0.0958,-0.5265,1925
806,0.019,-0.2222,1840
1886,-0.2004,-0.4054,1356
1457,-0.1676,-0.7105,31
1491,-0.0904,-0.8561,1621
783,-0.001,0.0,746
796,-0.0157,-0.9706,694
1067,0.0548,-0.9467,534
814,-0.0601,-0.7647,1391
1140,-0.2066,0.1522,536
1065,-0.1078,-0.8824,255
944,-0.0903,-0.9409,269
1000,-0.1447,-0.844,324
1199,0.0938,-0.4706,689
195,-0.2762,-0.65,1900
41,-0.3092,-0.8461,1176
1125,-0.0473,-0.3333,1674
255,-0.0686,-0.6875,847
1320,-0.189,-0.84,308
652,-0.2321,-0.7895,876
1157,-0.1711,-0.4706,1525
1417,-0.1503,-0.1111,485
976,-0.1634,-0.5294,651
1490,-0.3442,-0.9478,401
1633,-0.1454,-0.9514,692
726,-0.1574,-0.9472,756
1353,0.1044,-0.5714,1604
1202,-0.1515,-0.9447,1591
1741,-0.1145,-0.8681,1815
66,-0.1171,-0.9086,613
1270,-0.1635,-0.9739,1325
1581,-0.1512,-0.9592,1842
558,-0.1064,-0.9158,1343
1842,-0.1014,-0.8947,1080
149,-0.0752,-0.8962,1879
248,-0.0666,-0.92,1748
1743,-0.0767,-0.85,1919
654,-0.1066,-0.8542,1267
438,-0.1709,-0.9604,1328
751,-0.0402,-0.9315,1226
1658,-0.0473,-0.9138,1495
1174,-0.079,-0.7037,176
833,-0.0931,-0.8461,552
1322,0.6421,0.5,1471
951,-0.3225,0.5343,592
871,-0.2599,0.3571,1552
1276,0.0461,0.5116,1727
1094,0.0348,0.3366,69
1824,-0.2506,-0.2273,238
624,-0.2313,-0.1177,133
1907,-0.0869,0.1429,726
1271,-0.1236,0.1765,937
233,-0.0917,0.0,158
464,-0.15,0.2,1581
1464,-0.2858,-0.1818,1135
1736,-0.1094,-0.2,1069
62,-0.123,0.0,1085
1920,-0.1182,0.1111,1324
407,-0.124,-0.25,674
445,-0.1569,0.1,1933
1043,-0.1685,0.0,654
1367,-0.1876,0.0909,871
584,0.0011,0.3846,924
1006,0.0043,-0.1111,475
1198,-0.2069,-0.4545,1281
745,-0.2511,-0.3636,166
792,-0.1497,0.4762,1435
788,-0.1906,0.4231,1030
710,-0.2769,0.0,340
839,0.0865,0.1333,1186
975,-0.1433,-0.1818,1440
1834,0.0358,0.0667,40
459,-0.225,0.2727,1794
532,-0.1211,0.2,885
493,-0.2624,-0.0833,36
1915,-0.1246,-0.0833,1452
33,0.0726,0.0625,462
1120,-0.1892,0.5667,1243
812,-0.1591,-0.1,355
966,-0.164,-0.0833,1289
1677,-0.2397,0.0,827
579,-0.1709,0.0,1736
610,-0.152,-0.2,1409
1255,-0.099,0.0,1596
1558,-0.176,0.1667,139
838,0.0344,-0.0714,562
821,-0.2279,-0.0667,1658
1039,-0.1721,0.1818,184
1782,-0.2455,0.0,868
585,-0.0816,0.2,1126
621,-0.1588,0.0769,1633
150,-0.1394,0.0769,286
239,-0.2824,0.1429,1322
1728,-0.1215,-0.2,1013
1622,-0.2611,0.0833,1460
177,-0.2576,-0.1765,1351
1771,-0.2904,0.3667,743
1290,-0.1668,0.0,520
59,-0.0704,-0.1818,1143
249,-0.0136,0.2727,264
886,-0.0755,0.2222,1852
1046,-0.146,0.3548,1904
1123,-0.1223,0.3333,1167
1269,-0.117,0.1111,1429
1749,-0.0615,0.0,1567
1172,-0.1175,0.0,1256
1669,-0.0652,0.0769,673
450,-0.1188,0.1,1101
1300,-0.2813,0.25,1206
155,-0.161,0.4286,1084
507,-0.168,0.3529,137
421,-0.2575,0.0385,4
1209,-0.154,0.0588,1617
817,-0.2793,0.0,1048
1589,-0.2744,-0.0909,805
217,-0.0481,0.0,1209
1745,-0.1452,-0.2727,665
925,-0.112,-0.1429,1371
906,-0.1388,0.3333,1492
815,-0.121,-0.1111,1077
1611,-0.3087,0.0313,1834
1550,-0.0926,0.375,1482
859,-0.1101,0.0,1365
665,-0.088,-0.1177,307
1770,-0.0889,0.3,865
58,-0.1143,-0.2963,542
1396,-0.1146,-0.1429,861
496,-0.2939,0.6154,983
331,-0.2629,0.5213,1138
1319,-0.2511,0.7292,1106
1664,-0.3731,0.7027,617
235,-0.2857,0.6377,1562
1646,-0.2462,0.6,1044
749,-0.2473,0.5714,395
179,-0.1447,0.4074,895
669,-0.2329,0.5614,1164
503,-0.0809,0.2,331
1811,-0.1317,0.4615,298
691,-0.2095,0.5246,1214
736,-0.2022,0.6047,1709
1858,-0.1736,0.5961,911
1363,-0.0206,0.4074,145
1534,-0.6332,0.7609,1679
505,-0.1871,0.6939,1218
326,-0.3238,0.2941,1006
642,-0.2715,0.52,1817
1016,-0.1903,0.6571,1338
1666,-0.2254,0.28,1273
1549,-0.108,0.4146,1055
511,-0.1339,0.7193,1823
529,-0.3592,0.5581,372
1583,-0.2581,0.7714,1877
340,-0.1123,0.8562,807
210,-0.1602,0.7917,523
1878,-0.106,0.4348,1311
1365,-0.0085,0.6667,1940
1722,-0.0734,0.5294,1515
34,-0.0957,0.25,199
1260,-0.1827,-0.1111,529
238,-0.1042,0.8412,1915
1873,-0.1671,0.3333,1148
1624,-0.1241,0.3913,208
52,-0.1901,0.6786,1245
1524,-0.1409,0.2857,1002
100,-0.0974,0.8921,1027
1241,-0.4698,0.8871,1721
789,-0.3938,0.6486,1370
545,-0.3586,0.5263,274
1787,-0.4188,0.7931,1589
1671,-0.278,0.9463,1124
409,-0.2453,0.9138,1131
916,-0.1784,0.75,503
1788,-0.2332,0.8565,540
1887,-0.3165,0.7966,1400
1812,0.0066,0.575,67
234,-0.3598,0.4667,514
118,-0.0852,0.6389,846
1377,-0.3241,0.84,1540
927,-0.1815,0.4615,1754
139,-0.2939,0.4583,287
953,-0.3068,0.6531,794
1258,-0.3288,0.4565,1122
686,-0.5291,0.3571,1451
1836,-0.27,0.6716,1426
1659,-0.0148,-0.1154,379
972,-0.1049,-0.7368,1528
1768,-0.0451,-0.6956,1824
1661,0.0025,-0.0714,1592
1344,0.0362,-0.6667,970
1091,-0.1489,0.2609,449
1860,0.0729,-0.7368,314
166,-0.1135,0.6333,973
1516,-0.0643,-0.5641,553
390,0.0322,0.1539,1274
756,-0.1805,0.0,1899
1510,-0.585,0.4348,707
1338,-0.0955,0.3077,278
344,-0.0085,0.5,1210
664,0.0001,-0.625,34
1218,-0.0414,0.4167,10
32,-0.0366,0.1818,1456
1773,-0.0614,0.8611,229
956,-0.0894,0.8077,1526
1861,-0.0504,0.9091,829
1284,-0.0129,-0.9546,1792
31,-0.0046,-0.8667,411
1609,0.0315,-0.7826,1656
1108,0.0376,0.4545,1757
1281,-0.1172,0.2,1128
1072,0.0281,-0.6154,1384
1532,0.0257,-0.6563,11
876,-0.2138,-0.3333,611
1230,-0.1149,-0.2222,814
779,-0.0336,-0.5667,464
551,-0.1929,0.6154,354
1282,-0.1886,0.84,792
590,-0.0903,0.44,1841
694,-0.214,0.0,588
1007,-0.2038,0.3333,1663
183,-0.1979,0.3333,214
1721,-0.1648,0.6667,358
470,-0.2371,0.9325,781
844,-0.2988,0.875,1670
1839,-0.4207,0.9032,258
714,-0.4218,0.8571,624
111,-0.1519,0.9124,758
1289,-0.2399,0.9167,1838
1470,-0.3714,0.8803,481
1275,-0.3958,0.9103,250
398,-0.3805,0.8824,1750
1756,-0.3628,0.8641,104
466,-0.3712,0.875,84
264,-0.0849,-0.3333,1820
596,-0.183,0.775,1713
526,-0.064,-0.0769,1110
778,-0.1615,-0.0435,754
280,-0.122,0.5,986
1444,-0.0098,0.2,1223
919,-0.1386,0.7419,877
1088,-0.1668,0.5926,130
1662,-0.1801,0.6748,1847
1450,-0.3013,0.25,457
698,-0.2199,0.4286,235
524,-0.0248,0.7347,977
1287,-0.205,0.76,975
1918,-0.3536,0.9008,501
1765,-0.1682,0.7368,33
1891,-0.2787,0.4545,874
732,-0.1594,0.5143,424
1731,-0.1986,0.7324,813
1336,-0.2245,-0.4462,539
601,-0.0632,0.6,1116
1584,-0.1578,0.0625,205
617,-0.1835,0.3273,968
293,-0.1747,0.4667,148
1481,-0.1581,-0.3889,1337
561,-0.2303,0.1,389
276,-0.1755,0.5,1295
537,-0.1272,0.4667,353
339,-0.122,0.4211,812
578,-0.2141,0.0833,1113
1936,-0.0596,-0.84,73
319,0.1063,-0.2759,1239
473,0.0638,0.1539,1867
1474,0.106,-0.7273,872
1742,-0.2972,-0.1681,265
385,-0.1103,-0.25,417
1170,-0.0737,-0.0909,497
156,-0.2251,0.0,610
16,-0.3307,0.5161,1388
1130,-0.1606,-0.7917,834
1406,-0.0629,0.1429,880
1699,-0.0924,0.6383,1886
1509,-0.1686,0.0,1564
1922,-0.1132,0.1111,357
1687,-0.1374,-0.2609,1676
284,-0.1234,0.2,1332
78,-0.3077,0.4615,492
1651,-0.2816,0.5238,956
1822,-0.1916,0.0909,1321
1442,-0.0339,-0.5333,797
824,0.0942,0.0769,1229
1334,-0.1539,0.25,219
1877,-0.2808,0.0909,1648
701,-0.1497,0.25,1860
1324,-0.1772,0.0,582
1640,-0.0545,-0.125,1600
768,-0.0665,-0.375,1917
403,-0.0746,0.5833,811
989,-0.1261,0.0,156
849,-0.0703,0.4545,1008
1327,-0.0998,0.2,291
440,-0.0582,0.5,1038
1242,-0.1828,0.7,362
1058,-0.1291,0.6613,346
1882,-0.2097,0.3,461
1681,-0.195,0.2857,1500
1239,-0.0874,0.4667,262
50,-0.144,0.4615,583
1121,-0.2015,0.3793,566
143,-0.2298,0.4286,998
920,-0.1381,0.5143,1190
1436,-0.0402,0.0,243
321,-0.0544,0.75,967
755,-0.0843,0.5172,1618
985,0.0343,-0.4815,1810
328,-0.1587,0.5484,1088
76,-0.0997,0.4667,248
744,-0.2323,-0.1429,1154
1193,-0.1251,-0.0833,1745
715,-0.0674,0.72,678
861,-0.3995,0.6923,972
399,-0.4273,0.2353,236
1263,-0.2673,-0.4211,662
914,-0.2606,-0.5556,843
110,-0.1857,0.4,374
370,-0.2248,0.2618,606
1118,-0.4588,0.3667,326
594,-0.045,-0.4828,1698
1104,-0.1482,0.0435,1728
1053,-0.1473,0.2857,1382
690,-0.0994,0.9231,636
414,-0.2563,0.7273,1829
1247,-0.2007,-0.1539,489
646,-0.8603,-0.2394,1856
599,-0.0829,-0.8461,1547
460,-0.1355,-0.0909,392
1803,-0.0521,-0.6744,1244
279,-0.885,0.745,19
620,-0.0979,0.6342,419
1201,-0.1535,0.3333,948
870,-0.3257,0.7782,270
1825,-0.2012,0.7952,1065
908,-0.1769,0.75,604
1612,-0.0296,-0.2727,1020
388,-0.0022,-0.3571,201
1815,-0.2372,0.7381,1318
1762,-0.0277,-0.5294,1485
1238,-0.2395,0.6517,477
786,-0.1928,-0.6667,641
1449,-0.2073,0.8523,1056
13,-0.5462,0.9467,1544
1368,-0.3103,0.5133,1102
1667,-0.1,0.0667,701
1003,-0.3093,0.8461,724
1528,-0.4056,0.6667,1566
1502,-0.3274,0.7067,1197
1144,-0.2663,0.8065,244
666,-0.2338,0.8028,1406
1476,-0.2703,0.3462,86
890,-0.2004,0.6774,1862
439,-0.3131,0.7701,950
1178,-0.1859,0.8726,767
1051,-0.0941,0.679,1678
1567,-0.2312,0.8037,821
1592,-0.0753,0.8726,37
707,-0.0184,0.773,59
1087,-0.0161,0.7727,1605
1914,-0.0228,0.8271,840
1112,-0.2053,-0.5263,1238
1245,-0.0137,-0.7222,138
1264,-0.3663,0.0556,870
1631,-0.1453,0.7447,571
1480,0.4379,0.0,1672
40,0.0479,-0.1818,1680
400,0.0229,-0.1053,771
1605,-0.1032,-0.1875,1019
8,-0.1785,0.6552,83
1386,-0.1846,-0.05,1120
1804,-0.1956,0.55,1127
497,-0.1283,0.0,1850
1302,-0.1166,0.1053,932
372,-0.1157,0.375,1800
378,-0.1783,0.6191,1166
131,-0.1138,0.5,1666
712,-0.122,0.3636,1677
1693,-0.1699,-0.2353,64
53,-0.1285,0.2632,347
1541,-0.2035,0.2,1510
426,-0.0877,0.3333,109
943,-0.1776,0.3333,1732
1643,-0.0959,-0.0714,474
307,-0.1722,0.4762,348
499,-0.1331,0.3333,1625
1637,-0.25,0.25,1292
810,-0.2718,0.8809,53
826,0.0029,-0.8148,1394
461,-0.366,0.2667,1766
746,-0.1215,0.1852,336
1034,-0.0524,-0.0454,745
1632,-0.1081,0.1786,207
1724,0.013,-0.28,740
1138,0.0004,-0.3043,909
1141,-0.3178,-0.46,1550
614,-0.3112,0.1,30
1750,-0.1092,-0.5,774
117,0.4195,0.8,555
915,-0.0902,0.0368,366
365,-0.0809,-0.1667,271
26,-0.2034,0.7237,385
904,-0.2536,-0.1,766
776,-0.2353,0.6364,1907
1122,-0.0205,-0.2941,1853
333,-0.0366,0.1818,889
525,-0.1477,0.5714,649
30,-0.093,0.0909,1360
387,-0.32,-0.6956,1011
527,-0.1633,-0.5574,663
186,-0.1197,0.6316,1253
995,-0.1421,-0.0938,242
275,0.0212,0.68,1258
1020,-0.0705,-0.6486,1364
28,-0.0764,-0.3636,605
69,-0.0869,-0.4773,599
153,-0.1034,-0.3478,753
1359,-0.084,-0.2059,1198
668,-0.0524,0.1304,1145
393,-0.0034,-0.4828,1637
592,0.0045,0.1364,1172
845,0.0096,-0.0588,75
775,-0.026,-0.5882,801
1663,0.0035,-0.0968,164
38,0.0051,-0.0357,772
269,-0.1851,-0.3684,558
420,-0.1851,-0.3684,818
820,-0.2544,0.2292,519
224,-0.2463,-0.3636,575
724,-0.146,-0.1818,1590
1578,-0.0371,-0.4048,1937
308,-0.188,-0.05,660
678,-0.1449,-0.5657,338
1316,-0.0488,0.6066,363
1306,-0.0238,0.0,1620
1517,-0.063,0.0526,1427
1357,-0.1129,-0.2632,1643
1360,-0.2094,-0.0952,1276
1598,-0.0983,0.0,24
984,-0.1078,0.5,862
1391,-0.0088,-0.5,1835
1114,-0.1394,-0.12,981
648,-0.0905,0.0,410
1111,-0.1511,0.9362,1196
193,-0.0894,0.4375,985
1219,-0.1646,-0.2,635
1925,-0.0453,-0.2222,664
1828,-0.2874,0.0,1671
1565,-0.2332,0.0,1893
456,-0.2759,0.2941,369
1603,-0.3158,-0.5625,848
411,-0.305,-0.0909,1098
523,-0.2513,0.4,1476
93,-0.2232,-0.25,113
1906,-0.2435,-0.1111,119
57,-0.2167,-0.3889,276
160,-0.246,-0.4444,1265
1226,-0.1181,-0.3846,1693
546,-0.0332,0.0909,1410
977,-0.2855,0.4348,29
638,0.0076,-0.7143,71
462,-0.1147,0.625,272
780,0.0359,-0.5938,587
1840,-0.1048,0.4615,945
1616,-0.1603,0.5641,964
1092,-0.0978,0.5556,54
913,-0.4,0.4615,451
479,-0.0971,0.5714,762
173,-0.2192,0.6111,1480
674,-0.1053,0.55,1079
897,-0.0891,0.7037,657
2,-0.1893,0.936,1017
1536,-0.6017,0.1539,1689
1793,-0.5754,-0.1429,1331
1274,-0.594,0.45,1872
912,0.3354,0.72,1407
509,-0.0701,-0.5454,406
962,0.5518,-0.5556,1503
552,0.5552,-0.3636,1743
70,0.4573,0.3889,312
1107,0.3954,0.2222,213
261,0.2202,0.6471,1553
396,0.4245,0.4167,471
1835,0.4545,0.1818,21
1131,0.3654,0.3636,196
1333,0.402,0.125,1474
216,0.3283,-0.2308,1040
455,0.2407,0.55,1442
711,0.4275,0.2353,713
1388,0.3643,-0.375,1296
963,0.1522,0.4839,976
831,0.5591,-0.7,390
983,0.2896,0.6897,1059
314,0.3426,0.7407,508
612,0.2894,0.375,856
443,0.2175,0.4545,1533
432,0.3157,0.6,1585
1465,0.133,0.7105,1004
36,0.1076,0.75,404
900,0.1774,0.7308,1357
1523,0.1279,0.6522,1255
389,0.1903,0.55,0
822,0.2394,-0.6,1684
1737,-0.528,0.5,99
1525,0.0091,-0.95,439
1155,-0.5454,0.6316,944
957,-0.1264,-0.8889,546
277,-0.152,-0.8571,1158
88,-0.0796,-0.9286,1149
1544,-0.4148,0.2222,999
515,-0.5301,0.0833,1202
296,-0.5455,0.0833,1682
130,-0.0626,-0.8636,1532
1393,-0.0626,-0.991,1298
910,-0.0828,-0.8636,1691
1137,0.012,-0.9063,796
1479,-0.0351,-0.8636,1062
1726,0.0042,-0.95,1353
1723,0.0002,-0.9118,1312
1188,-0.3286,0.3333,1317
254,-0.024,-0.9559,1315
1816,-0.1835,0.0,1467
1760,-0.1148,-0.1,1224
1266,0.0261,-0.8965,1280
185,-0.0304,-0.9063,1627
237,-0.0359,-0.9286,1348
1545,0.1288,-0.9063,500
1384,0.0848,-0.9474,1865
847,0.0688,-0.3333,97
352,-0.1108,-0.1905,38
1400,0.0631,-0.7222,414
1893,-0.0377,-0.5652,93
1432,-0.0513,-0.2727,445
830,-0.0535,-0.6471,1024
520,-0.0039,-0.55,1801
672,-0.3765,0.4118,470
535,-0.467,0.2,1755
301,-0.5076,0.7273,632
482,-0.4856,0.6333,1361
303,0.013,-0.6364,747
782,0.0036,-0.1364,958
1870,-0.0493,-0.425,1807
576,-0.0148,-0.5294,1433
1215,-0.0689,-0.56,1491
105,0.0229,-0.0588,557
1225,0.0102,-0.5357,1726
274,-0.1354,-0.0488,1584
1562,-0.0884,-0.0741,63
802,0.0243,-0.7895,197
405,-0.0049,-0.5957,1629
709,-0.0128,-0.625,315
1831,-0.0508,-0.4375,1100
675,0.0212,-0.6667,1723
828,-0.0104,-0.8,1936
644,-0.0087,-0.2273,994
1819,0.0306,-0.375,1897
719,-0.0224,-0.3077,920
593,0.0334,-0.625,1031
1369,0.0094,-0.0714,535
1569,0.0049,0.1111,1043
1940,0.0305,-0.2941,567
7,0.0325,-0.5185,717
1461,0.0368,0.0,1246
29,-0.0129,-0.6,52
564,0.0023,-0.4706,891
1035,0.0337,-0.4,1737
960,-0.0263,-0.381,1340
1505,0.0362,-0.2,1129
386,-0.0195,-0.2083,1931
1033,-0.1132,-0.05,1063
159,0.0106,-0.5454,1858
613,-0.0251,-0.2903,1266
1535,-0.1148,-0.0769,1051
851,-0.0929,-0.1,277
1412,-0.0558,0.1724,1319
1691,-0.0701,0.2174,1583
1133,0.0015,0.4444,1859
737,0.0289,0.5454,775
600,-0.2622,-0.3902,1593
289,-0.0192,-0.2609,1538
1665,-0.0056,-0.24,407
531,0.003,-0.7273,1171
981,-0.0118,-0.4,1518
803,0.0317,-0.6727,770
1148,-0.0805,-0.4242,1541
883,0.0062,-0.4286,491
435,0.0026,-0.4286,49
142,-0.0582,-0.4516,1910
394,0.0052,-0.4828,1005
1497,-0.0171,-0.0606,454
873,-0.1139,-0.2,526
